date,month,day,year,avg_air_temp_F,max_air_temp_F,min_air_temp_F,total_precip_IN,leaf_wetness_hours,rh_hrs_at_least_90_percent,avg_wind_speed_mph,solar_rad_langleys
3_1_2012,3,1,2012,33.3,38.5,29.1,0.18,15,17,NaN,NaN
3_2_2012,3,2,2012,38.1,40.6,34.2,0.24,7,13,NaN,NaN
3_3_2012,3,3,2012,40.7,46.4,34.7,0.13,4,13,NaN,NaN
3_4_2012,3,4,2012,29,45.5,19.4,0,4,8,NaN,NaN
3_5_2012,3,5,2012,19,24.2,13.7,0,0,0,NaN,NaN
3_6_2012,3,6,2012,30.2,40.8,18.7,0,2,0,NaN,NaN
3_7_2012,3,7,2012,51.3,66.3,38.1,0,0,1,NaN,NaN
3_8_2012,3,8,2012,52.7,59,34.8,0.14,10,6,NaN,NaN
3_9_2012,3,9,2012,29.4,33.5,23.5,0.01,1,4,NaN,NaN
3_10_2012,3,10,2012,26.8,34.8,18.7,0.03,0,0,NaN,NaN
3_11_2012,3,11,2012,51.2,64.4,34.4,0,0,0,NaN,NaN
3_12_2012,3,12,2012,51.7,62.9,37.1,0,2,0,NaN,NaN
3_13_2012,3,13,2012,57.8,66.2,51.1,0.06,7,8,NaN,NaN
3_14_2012,3,14,2012,49.3,61,40.2,0,0,0,NaN,NaN
3_15_2012,3,15,2012,53.8,69.1,38.6,0,0,0,NaN,NaN
3_16_2012,3,16,2012,55.6,64.9,49.2,0.6,10,13,NaN,NaN
3_17_2012,3,17,2012,56.1,70.5,48.1,0,9,15,NaN,NaN
3_18_2012,3,18,2012,60.9,74.1,53,0.58,6,9,NaN,NaN
3_19_2012,3,19,2012,63.1,72.8,54.8,0,10,13,NaN,NaN
3_20_2012,3,20,2012,63.4,72.4,54.9,0,9,11,NaN,NaN
3_21_2012,3,21,2012,64.8,75.7,53.3,0,6,9,NaN,NaN
3_22_2012,3,22,2012,64.4,76.2,52.9,0,4,0,NaN,NaN
3_23_2012,3,23,2012,57.9,63.4,52.2,0,6,NaN,NaN,NaN
3_24_2012,3,24,2012,55.6,59.4,50.6,0.03,8,NaN,NaN,NaN
3_25_2012,3,25,2012,48.8,53.7,45.2,0.17,11,NaN,NaN,NaN
3_26_2012,3,26,2012,35.4,48.8,30.5,0,1,NaN,NaN,NaN
3_27_2012,3,27,2012,33.4,43.7,23.4,0,0,NaN,NaN,NaN
3_28_2012,3,28,2012,53.3,69.2,42.1,0.09,9,NaN,NaN,NaN
3_29_2012,3,29,2012,37.7,42.6,35,0.19,14,NaN,NaN,NaN
3_30_2012,3,30,2012,36.9,44.1,31,0,4,NaN,NaN,NaN
3_31_2012,3,31,2012,37,40.1,33,0.32,11,NaN,NaN,NaN
4_1_2012,4,1,2012,36.8,40,34.8,0.35,15,NaN,NaN,NaN
4_2_2012,4,2,2012,40.9,48.4,33,0,9,NaN,NaN,NaN
4_3_2012,4,3,2012,40.4,48.4,33.7,0,0,NaN,NaN,NaN
4_4_2012,4,4,2012,44.7,51.5,37.9,0,0,NaN,NaN,NaN
4_5_2012,4,5,2012,37.2,41.8,32.4,0,0,NaN,NaN,NaN
4_6_2012,4,6,2012,39.5,48,31.7,0,0,NaN,NaN,NaN
4_7_2012,4,7,2012,43.8,53.4,33.2,0,0,NaN,NaN,NaN
4_8_2012,4,8,2012,47.2,60.8,37.9,0.02,3,NaN,NaN,NaN
4_9_2012,4,9,2012,45.5,53.8,38.2,0,0,NaN,NaN,NaN
4_10_2012,4,10,2012,43,48.8,37,0,7,NaN,NaN,NaN
4_11_2012,4,11,2012,39.6,47,35,0.07,15,NaN,NaN,NaN
4_12_2012,4,12,2012,44.1,49.6,38.6,0.07,1,NaN,NaN,NaN
4_13_2012,4,13,2012,45.7,58.9,37.3,0,0,NaN,NaN,NaN
4_14_2012,4,14,2012,53,66.3,39,0,2,NaN,NaN,NaN
4_15_2012,4,15,2012,60.3,69.1,53.2,0.03,4,NaN,NaN,NaN
4_16_2012,4,16,2012,71.9,86.8,61.2,0,1,NaN,NaN,NaN
4_17_2012,4,17,2012,49.3,58.7,37.9,0,0,NaN,NaN,NaN
4_18_2012,4,18,2012,41,53.4,31.2,0,4,NaN,NaN,NaN
4_19_2012,4,19,2012,56.5,71.9,38.4,0,0,NaN,NaN,NaN
4_20_2012,4,20,2012,65.8,76.9,52.1,0,0,NaN,NaN,NaN
4_21_2012,4,21,2012,46,64.4,37.5,0.84,17,NaN,NaN,NaN
4_22_2012,4,22,2012,38.2,39.7,36.2,0.22,15,NaN,NaN,NaN
4_23_2012,4,23,2012,33.8,35.6,31.8,1.28,24,NaN,NaN,NaN
4_24_2012,4,24,2012,39,44.8,34.1,0.04,9,NaN,NaN,NaN
4_25_2012,4,25,2012,43.2,50.8,38.5,0,4,NaN,NaN,NaN
4_26_2012,4,26,2012,44.8,56.1,33.5,0.13,8,NaN,NaN,NaN
4_27_2012,4,27,2012,37.1,42.4,33.1,0.03,4,NaN,NaN,NaN
4_28_2012,4,28,2012,38.1,49,28,0,2,NaN,NaN,NaN
4_29_2012,4,29,2012,42.6,51.8,33.6,0,0,NaN,NaN,NaN
4_30_2012,4,30,2012,46.5,58.7,31.1,0.26,10,3,NaN,NaN
5_1_2012,5,1,2012,52.6,58.1,48.5,0.41,10,15,NaN,NaN
5_2_2012,5,2,2012,58.3,71.8,47.6,0.07,7,8,NaN,NaN
5_3_2012,5,3,2012,64.8,77.4,55.5,0.35,6,14,NaN,NaN
5_4_2012,5,4,2012,65.6,73.5,28.9,0.18,6,8,NaN,NaN
5_5_2012,5,5,2012,52.2,58.6,47.7,0,0,0,NaN,NaN
5_6_2012,5,6,2012,53.8,64.8,42.7,0,0,5,NaN,NaN
5_7_2012,5,7,2012,55.1,63.1,46.7,0.2,11,11,NaN,NaN
5_8_2012,5,8,2012,57.5,63.1,54.2,0.65,17,24,NaN,NaN
5_9_2012,5,9,2012,58.3,66.1,50.1,0,11,15,NaN,NaN
5_10_2012,5,10,2012,50.6,57.7,46.3,0,6,6,NaN,NaN
5_11_2012,5,11,2012,55.4,65.9,44.4,0,0,0,NaN,NaN
5_12_2012,5,12,2012,63.7,76.6,45.6,0,0,0,NaN,NaN
5_13_2012,5,13,2012,62.7,72.6,54.2,0,0,0,NaN,NaN
5_14_2012,5,14,2012,62.8,71.1,56.2,0,8,11,NaN,NaN
5_15_2012,5,15,2012,64.9,73.6,57.4,0,6,3,NaN,NaN
5_16_2012,5,16,2012,60.7,74.8,48.4,0,9,6,NaN,NaN
5_17_2012,5,17,2012,51.4,60.6,42,0,0,6,NaN,NaN
5_18_2012,5,18,2012,56.5,72.6,39.6,0,2,7,NaN,NaN
5_19_2012,5,19,2012,66,82.8,49,0,2,5,NaN,NaN
5_20_2012,5,20,2012,71.5,85.9,53,0,3,3,NaN,NaN
5_21_2012,5,21,2012,69.8,77.9,61.4,0,0,1,NaN,NaN
5_22_2012,5,22,2012,67,75.4,60.3,0,8,10,NaN,NaN
5_23_2012,5,23,2012,66.6,76.2,60.8,0,6,11,NaN,NaN
5_24_2012,5,24,2012,69.9,79.4,58.9,0,1,7,NaN,NaN
5_25_2012,5,25,2012,76,86.7,65.4,0,1,0,NaN,NaN
5_26_2012,5,26,2012,71.5,80.1,62.4,0,0,0,NaN,NaN
5_27_2012,5,27,2012,69.5,80.2,55.7,0,0,1,NaN,NaN
5_28_2012,5,28,2012,74.6,89.7,61.1,0.15,3,4,NaN,NaN
5_29_2012,5,29,2012,75.5,88,67.6,0.47,5,5,NaN,NaN
5_30_2012,5,30,2012,66.9,73,56.9,0,6,4,NaN,NaN
5_31_2012,5,31,2012,58.5,64.2,51.4,0,1,4,NaN,NaN
6_1_2012,6,1,2012,56.4,64,49.6,0.28,21,22,NaN,NaN
6_2_2012,6,2,2012,60.3,65.3,55.6,0.05,5,6,NaN,NaN
6_3_2012,6,3,2012,57.9,63.1,54.8,0.11,13,5,NaN,NaN
6_4_2012,6,4,2012,54,57.4,52.1,0.12,18,23,NaN,NaN
6_5_2012,6,5,2012,54.2,62.5,50.5,0.11,15,10,NaN,NaN
6_6_2012,6,6,2012,59.4,71.1,48.8,0,5,7,NaN,NaN
6_7_2012,6,7,2012,61.5,71.2,52,0.08,7,8,NaN,NaN
6_8_2012,6,8,2012,66.4,76.9,54.4,0,2,5,NaN,NaN
6_9_2012,6,9,2012,71.3,78.5,64,0,6,7,NaN,NaN
6_10_2012,6,10,2012,74.1,86.8,63.5,0.04,7,6,NaN,NaN
6_11_2012,6,11,2012,76.6,88.3,64.6,0,1,7,NaN,NaN
6_12_2012,6,12,2012,68.8,74.5,62.5,1.04,15,15,NaN,NaN
6_13_2012,6,13,2012,59.5,66.5,52.4,0,2,2,NaN,NaN
6_14_2012,6,14,2012,62.3,74.6,50.6,0,8,9,NaN,NaN
6_15_2012,6,15,2012,68.1,80.1,53.7,0,7,7,NaN,NaN
6_16_2012,6,16,2012,71.3,81.9,58.6,0,4,7,NaN,NaN
6_17_2012,6,17,2012,72.2,80.6,62.7,0,2,3,NaN,NaN
6_18_2012,6,18,2012,68.3,72.7,64.9,0,0,0,NaN,NaN
6_19_2012,6,19,2012,74.7,87.6,63.8,0.21,3,6,NaN,NaN
6_20_2012,6,20,2012,82.9,91.4,74.2,0,0,0,NaN,NaN
6_21_2012,6,21,2012,81.5,89.7,69.7,0,0,0,NaN,NaN
6_22_2012,6,22,2012,71.9,78.9,64.6,0,2,1,NaN,NaN
6_23_2012,6,23,2012,68.6,76.6,61.7,0,0,0,NaN,NaN
6_24_2012,6,24,2012,68.2,79.2,56.4,0,7,4,NaN,NaN
6_25_2012,6,25,2012,62.9,65.7,54.8,0.04,11,6,NaN,NaN
6_26_2012,6,26,2012,63.8,71.5,54.5,0,1,4,NaN,NaN
6_27_2012,6,27,2012,68.5,77.1,59.5,0,0,0,NaN,NaN
6_28_2012,6,28,2012,74.4,86.7,58.3,0,0,0,NaN,NaN
6_29_2012,6,29,2012,80.1,87.5,73.2,0,0,0,NaN,NaN
6_30_2012,6,30,2012,77.8,87.5,67.1,0,0,0,NaN,NaN
7_1_2012,7,1,2012,75.5,83.2,68.7,0,0,0,NaN,NaN
7_2_2012,7,2,2012,72.8,82.7,63.7,0,0,1,NaN,NaN
7_3_2012,7,3,2012,74.9,87.1,63.2,0,4,1,NaN,NaN
7_4_2012,7,4,2012,80.4,90.5,68.1,0,2,0,NaN,NaN
7_5_2012,7,5,2012,73.9,82.3,61.9,0,2,1,NaN,NaN
7_6_2012,7,6,2012,77.2,91.5,61.9,0,1,0,NaN,NaN
7_7_2012,7,7,2012,73.2,78.6,67.6,0.23,9,7,NaN,NaN
7_8_2012,7,8,2012,72.4,80.5,63.4,0,1,9,NaN,NaN
7_9_2012,7,9,2012,69.8,77.9,61,0,3,7,NaN,NaN
7_10_2012,7,10,2012,69.9,81.6,58.1,0,2,1,NaN,NaN
7_11_2012,7,11,2012,70.6,85.6,53.9,0,0,0,NaN,NaN
7_12_2012,7,12,2012,75.1,89.5,58.9,0,0,0,NaN,NaN
7_13_2012,7,13,2012,75.7,90.4,62.7,0,1,1,NaN,NaN
7_14_2012,7,14,2012,78.8,89.7,68.4,0,0,0,NaN,NaN
7_15_2012,7,15,2012,74.6,82,70.6,0.35,7,6,NaN,NaN
7_16_2012,7,16,2012,77.7,85.2,68.9,0,0,7,NaN,NaN
7_17_2012,7,17,2012,84.5,92.7,73.9,0,0,0,NaN,NaN
7_18_2012,7,18,2012,75.7,81.7,66.3,0,1,6,NaN,NaN
7_19_2012,7,19,2012,68,77.3,60.9,0,11,11,NaN,NaN
7_20_2012,7,20,2012,64.3,67.7,59.6,0.12,8,8,NaN,NaN
7_21_2012,7,21,2012,70,80.7,59.7,0,3,10,NaN,NaN
7_22_2012,7,22,2012,74.7,85.2,63.5,0,0,3,NaN,NaN
7_23_2012,7,23,2012,80.6,91.6,69.7,0.16,3,7,NaN,NaN
7_24_2012,7,24,2012,76.7,82.7,66.5,0,1,0,NaN,NaN
7_25_2012,7,25,2012,71,82,60.8,0,1,0,NaN,NaN
7_26_2012,7,26,2012,71.8,79.9,63.5,1.05,9,15,NaN,NaN
7_27_2012,7,27,2012,71.6,77.2,64.8,0.5,11,13,NaN,NaN
7_28_2012,7,28,2012,68.7,76.6,62.7,0.38,10,13,NaN,NaN
7_29_2012,7,29,2012,72.1,81,62.1,0,5,10,NaN,NaN
7_30_2012,7,30,2012,71.7,84.3,58.3,0,2,6,NaN,NaN
7_31_2012,7,31,2012,72.6,84.3,66.9,0.72,7,12,NaN,NaN
8_1_2012,8,1,2012,70.7,79.6,63.3,0,8,14,NaN,NaN
8_2_2012,8,2,2012,73.8,83.8,63.7,0,5,10,NaN,NaN
8_3_2012,8,3,2012,76.5,86.1,67.8,0,6,5,NaN,NaN
8_4_2012,8,4,2012,79.3,90.3,70.1,0,3,10,NaN,NaN
8_5_2012,8,5,2012,77.9,86,72.1,0.08,4,2,NaN,NaN
8_6_2012,8,6,2012,68.2,75.2,60.8,0,2,6,NaN,NaN
8_7_2012,8,7,2012,69.9,83.7,57.3,0,6,9,NaN,NaN
8_8_2012,8,8,2012,73.3,85.6,59.9,0,8,4,NaN,NaN
8_9_2012,8,9,2012,72.7,82.3,63.9,0.13,15,11,NaN,NaN
8_10_2012,8,10,2012,69.7,75.8,65.6,0.09,14,17,NaN,NaN
8_11_2012,8,11,2012,70.2,78.1,64.8,0.04,5,10,NaN,NaN
8_12_2012,8,12,2012,67.7,74.5,59.5,0.02,5,6,NaN,NaN
8_13_2012,8,13,2012,70.4,80.9,61.5,0,5,8,NaN,NaN
8_14_2012,8,14,2012,68,77.8,63.7,0.33,14,18,NaN,NaN
8_15_2012,8,15,2012,68.4,75.7,59.7,0,11,14,NaN,NaN
8_16_2012,8,16,2012,69.9,81,60.4,0,4,9,NaN,NaN
8_17_2012,8,17,2012,69.3,74.5,61.9,0,1,0,NaN,NaN
8_18_2012,8,18,2012,63.1,71.7,54.5,0,8,8,NaN,NaN
8_19_2012,8,19,2012,63.1,76.2,50.8,0,6,9,NaN,NaN
8_20_2012,8,20,2012,64.4,72.8,55.6,0.01,6,5,NaN,NaN
8_21_2012,8,21,2012,64.8,75.8,54.7,0,5,8,NaN,NaN
8_22_2012,8,22,2012,67,80.2,55.9,0,0,2,NaN,NaN
8_23_2012,8,23,2012,69.8,82.4,57.4,0,2,6,NaN,NaN
8_24_2012,8,24,2012,72.3,85.8,59.2,0,7,6,NaN,NaN
8_25_2012,8,25,2012,73.8,86.4,61.3,0,5,6,NaN,NaN
8_26_2012,8,26,2012,72.7,82.8,62.9,0,2,2,NaN,NaN
8_27_2012,8,27,2012,72.8,83.5,66.9,0.73,7,9,NaN,NaN
8_28_2012,8,28,2012,70.4,76.6,64.3,0.16,8,10,NaN,NaN
8_29_2012,8,29,2012,62.3,72,53.9,0,8,9,NaN,NaN
8_30_2012,8,30,2012,66.7,82.3,54.4,0,0,0,NaN,NaN
8_31_2012,8,31,2012,75.7,91.4,60.1,0,0,0,NaN,NaN
9_1_2012,9,1,2012,72.1,81.2,60.8,0,0,0,NaN,NaN
9_2_2012,9,2,2012,69.2,82.6,56.5,0,6,8,NaN,NaN
9_3_2012,9,3,2012,69,77.1,59.1,0,3,11,NaN,NaN
9_4_2012,9,4,2012,73,80.9,68.8,0.34,10,16,NaN,NaN
9_5_2012,9,5,2012,70.3,79,64.7,0.02,9,14,NaN,NaN
9_6_2012,9,6,2012,73,83.6,66.2,0,4,11,NaN,NaN
9_7_2012,9,7,2012,72,80.8,62.5,0,7,10,NaN,NaN
9_8_2012,9,8,2012,67.5,75,56.5,0.45,9,9,NaN,NaN
9_9_2012,9,9,2012,59.3,66.6,53.9,0,9,9,NaN,NaN
9_10_2012,9,10,2012,57.6,65,51.1,0,1,3,NaN,NaN
9_11_2012,9,11,2012,61.3,74.5,49.3,0,0,0,NaN,NaN
9_12_2012,9,12,2012,66.4,80.2,54.5,0,0,0,NaN,NaN
9_13_2012,9,13,2012,70.3,83.7,58.5,0,0,2,NaN,NaN
9_14_2012,9,14,2012,67.6,82.2,56.8,0.51,8,11,NaN,NaN
9_15_2012,9,15,2012,57.6,63.6,52.4,0,6,11,NaN,NaN
9_16_2012,9,16,2012,59.1,70.1,51,0,3,10,NaN,NaN
9_17_2012,9,17,2012,62.9,74.9,51.1,0,7,9,NaN,NaN
9_18_2012,9,18,2012,63.3,71.1,54.3,0.91,12,14,NaN,NaN
9_19_2012,9,19,2012,52.2,58.1,46.1,0,7,8,NaN,NaN
9_20_2012,9,20,2012,56.4,69.3,44.4,0,8,9,NaN,NaN
9_21_2012,9,21,2012,62.4,71.9,55.6,0,7,3,NaN,NaN
9_22_2012,9,22,2012,60.2,64.8,54.1,0.12,9,12,NaN,NaN
9_23_2012,9,23,2012,52.3,60.3,47.1,0.04,2,3,NaN,NaN
9_24_2012,9,24,2012,51,60.7,42,0,2,2,NaN,NaN
9_25_2012,9,25,2012,58.4,71.2,46.2,0.04,2,0,NaN,NaN
9_26_2012,9,26,2012,61.4,68,55.8,0.06,10,16,NaN,NaN
9_27_2012,9,27,2012,55.1,63.4,48.3,0,0,0,NaN,NaN
9_28_2012,9,28,2012,49.4,53.4,44.6,0.11,20,24,NaN,NaN
9_29_2012,9,29,2012,53.7,61,46.8,0,1,7,NaN,NaN
9_30_2012,9,30,2012,50.1,53.3,45.6,0.66,18,24,NaN,NaN
10_1_2012,10,1,2012,56.9,64.2,51.2,0,1,7,NaN,NaN
10_2_2012,10,2,2012,59.3,66.6,52.7,0.04,8,21,NaN,NaN
10_3_2012,10,3,2012,64.3,69.6,60.5,0.01,12,23,NaN,NaN
10_4_2012,10,4,2012,64.9,73.7,59.6,0,4,12,NaN,NaN
10_5_2012,10,5,2012,64.4,73.7,56.7,0,2,4,NaN,NaN
10_6_2012,10,6,2012,51.5,59.3,44.5,0.74,10,12,NaN,NaN
10_7_2012,10,7,2012,45.8,51,40.4,0.26,10,8,NaN,NaN
10_8_2012,10,8,2012,44.9,53,37.5,0.01,6,10,NaN,NaN
10_9_2012,10,9,2012,49.1,60,39.2,0,3,10,NaN,NaN
10_10_2012,10,10,2012,48.9,56,45,0.01,11,9,NaN,NaN
10_11_2012,10,11,2012,47,55.6,39.7,0,0,0,NaN,NaN
10_12_2012,10,12,2012,43.1,52.5,34.4,0.19,9,7,NaN,NaN
10_13_2012,10,13,2012,41.1,49.9,29.5,0.08,2,0,NaN,NaN
10_14_2012,10,14,2012,59.6,71.7,45.1,0.09,9,4,NaN,NaN
10_15_2012,10,15,2012,58.5,63.8,47,0,2,0,NaN,NaN
10_16_2012,10,16,2012,45.6,52.3,38.4,0,4,2,NaN,NaN
10_17_2012,10,17,2012,50.2,63.6,37.5,0,7,10,NaN,NaN
10_18_2012,10,18,2012,57.5,63.7,50.2,0,0,0,NaN,NaN
10_19_2012,10,19,2012,54.2,62.8,47.7,0.71,17,17,NaN,NaN
10_20_2012,10,20,2012,52.3,56.3,47.5,0,8,16,NaN,NaN
10_21_2012,10,21,2012,52.7,59.6,47.2,0,0,21,NaN,NaN
10_22_2012,10,22,2012,54,64.5,47.1,0,2,18,NaN,NaN
10_23_2012,10,23,2012,49,52.1,45,0.69,24,24,NaN,NaN
10_24_2012,10,24,2012,53,56,50.2,0.03,20,24,NaN,NaN
10_25_2012,10,25,2012,62.6,73.1,53.7,0,4,13,NaN,NaN
10_26_2012,10,26,2012,62.5,71,53.6,0,0,10,NaN,NaN
10_27_2012,10,27,2012,50.8,53.9,47.4,0.07,16,24,NaN,NaN
10_28_2012,10,28,2012,45.1,46.6,44.5,0.38,23,24,NaN,NaN
10_29_2012,10,29,2012,48,52.6,45.5,1.01,22,24,NaN,NaN
10_30_2012,10,30,2012,50.7,55.7,43,0.4,13,24,NaN,NaN
10_31_2012,10,31,2012,42.2,43.8,41,0.03,8,24,NaN,NaN
11_1_2012,11,1,2012,43.3,46,41.8,0.23,12,24,NaN,NaN
11_2_2012,11,2,2012,39,41.5,36.3,0.1,15,24,NaN,NaN
11_3_2012,11,3,2012,36.1,38.5,34.8,0.2,18,24,NaN,NaN
11_4_2012,11,4,2012,34.4,36.3,33.2,0.01,5,24,NaN,NaN
11_5_2012,11,5,2012,33.7,35.1,32.7,0,0,24,NaN,NaN
11_6_2012,11,6,2012,33.4,39.2,28.6,0,0,24,NaN,NaN
11_7_2012,11,7,2012,31,37.5,22.9,0,10,24,NaN,NaN
11_8_2012,11,8,2012,33.9,40.1,30.3,0,16,22,NaN,NaN
11_9_2012,11,9,2012,39.1,46.8,32.8,0,13,24,NaN,NaN
11_10_2012,11,10,2012,45.7,49.4,40.7,0.03,11,24,NaN,NaN
11_11_2012,11,11,2012,55.8,68,48.5,0.16,2,24,NaN,NaN
11_12_2012,11,12,2012,58.3,63.8,50.5,0.17,2,24,NaN,NaN
11_13_2012,11,13,2012,37.6,46.2,35.1,0.26,3,24,NaN,NaN
11_14_2012,11,14,2012,34.6,38.2,28.2,0,3,24,NaN,NaN
11_15_2012,11,15,2012,33,44.3,25.9,0,7,24,NaN,NaN
11_16_2012,11,16,2012,34.7,45.6,26.6,0,8,24,NaN,NaN
11_17_2012,11,17,2012,36.5,48,28.1,0,12,24,NaN,NaN
11_18_2012,11,18,2012,36,46.3,27.8,0,10,24,NaN,NaN
11_19_2012,11,19,2012,37.6,48.1,31.5,0,4,24,NaN,NaN
11_20_2012,11,20,2012,36.9,45.1,30.8,0,13,24,NaN,NaN
11_21_2012,11,21,2012,39.2,52.1,29.8,0,15,24,NaN,NaN
11_22_2012,11,22,2012,43.6,58.1,31.5,0,6,24,NaN,NaN
11_23_2012,11,23,2012,45.4,55.4,35.9,0,4,1,NaN,NaN
11_24_2012,11,24,2012,32.7,35,30.8,0,0,0,NaN,NaN
11_25_2012,11,25,2012,31.7,33.5,30.4,0,0,0,NaN,NaN
11_26_2012,11,26,2012,35,38.4,33.1,0,0,0,NaN,NaN
11_27_2012,11,27,2012,33.4,37.3,30.8,0,0,0,NaN,NaN
11_28_2012,11,28,2012,32.6,35.5,30,0,0,0,NaN,NaN
11_29_2012,11,29,2012,37.2,45.5,27.8,0,0,0,NaN,NaN
11_30_2012,11,30,2012,27,38.7,24.7,0,11,11,NaN,NaN
12_1_2012,12,1,2012,34.5,47.1,24.2,0.03,13,12,NaN,NaN
12_2_2012,12,2,2012,46.4,54.7,40.5,0.25,9,11,NaN,NaN
12_3_2012,12,3,2012,46.5,52.4,42.7,0,6,14,NaN,NaN
12_4_2012,12,4,2012,58,69.4,49,0.7,9,15,NaN,NaN
12_5_2012,12,5,2012,36.8,47.2,29.5,0.14,3,3,NaN,NaN
12_6_2012,12,6,2012,31.7,36.3,24.6,0,0,11,NaN,NaN
12_7_2012,12,7,2012,35.6,37.3,33,0.11,10,12,NaN,NaN
12_8_2012,12,8,2012,42.4,51.7,36.9,0.13,16,22,NaN,NaN
12_9_2012,12,9,2012,35.4,39.9,31.7,0.15,7,5,NaN,NaN
12_10_2012,12,10,2012,43.7,51.6,37,0.85,18,24,NaN,NaN
12_11_2012,12,11,2012,31,35.7,28,0,4,18,NaN,NaN
12_12_2012,12,12,2012,34.6,40.4,29,0,0,3,NaN,NaN
12_13_2012,12,13,2012,35.5,43.2,29.8,0,0,0,NaN,NaN
12_14_2012,12,14,2012,36.2,43.7,28.3,0,0,0,NaN,NaN
12_15_2012,12,15,2012,36.6,40.3,32.2,0,5,9,NaN,NaN
12_16_2012,12,16,2012,43.6,47.5,39.3,0.18,6,3,NaN,NaN
12_17_2012,12,17,2012,45,48.8,42.9,0.19,16,24,NaN,NaN
12_18_2012,12,18,2012,41.2,43.8,38.9,0.67,19,24,NaN,NaN
12_19_2012,12,19,2012,36.9,41.2,32.9,0,0,21,NaN,NaN
12_20_2012,12,20,2012,32.5,38,26.7,0.03,7,19,NaN,NaN
12_21_2012,12,21,2012,35.2,40.1,33,0.94,14,24,NaN,NaN
12_22_2012,12,22,2012,28.4,31.8,25.4,0,0,24,NaN,NaN
12_23_2012,12,23,2012,32,36.3,28.8,0.02,0,19,NaN,NaN
12_24_2012,12,24,2012,29.6,32.4,28,0,2,22,NaN,NaN
12_25_2012,12,25,2012,27.1,28.8,24.5,0,17,24,NaN,NaN
12_26_2012,12,26,2012,20.6,24.4,17.3,0,0,24,NaN,NaN
12_27_2012,12,27,2012,23.7,25.5,22.2,0,14,24,NaN,NaN
12_28_2012,12,28,2012,24.4,27.1,22.1,0,21,24,NaN,NaN
12_29_2012,12,29,2012,24.9,27.5,22.5,0,24,24,NaN,NaN
12_30_2012,12,30,2012,23.8,26.1,21.1,0,15,24,NaN,NaN
12_31_2012,12,31,2012,29.9,35.9,24,0.03,0,21,NaN,NaN
1_1_2013,1,1,2013,23.4,33.3,11.3,0.01,3,24,NaN,NaN
1_2_2013,1,2,2013,18.3,24,11.5,0,4,24,NaN,NaN
1_3_2013,1,3,2013,20.5,29.5,9.4,0,10,24,NaN,NaN
1_4_2013,1,4,2013,31.3,35,28,0.02,0,20,NaN,NaN
1_5_2013,1,5,2013,31.5,34.6,28.6,0.02,0,24,NaN,NaN
1_6_2013,1,6,2013,34,38.6,29.4,0.24,9,19,NaN,NaN
1_7_2013,1,7,2013,28.5,34.7,24.6,0.02,13,23,NaN,NaN
1_8_2013,1,8,2013,29.5,37,24.7,0,0,0,NaN,NaN
1_9_2013,1,9,2013,36.2,49.2,26.5,0,0,1,NaN,NaN
1_10_2013,1,10,2013,36.8,41.4,31.8,0,6,17,NaN,NaN
1_11_2013,1,11,2013,36.9,39.4,32.2,0.2,18,24,NaN,NaN
1_12_2013,1,12,2013,43.7,51.4,37.9,0,22,24,NaN,NaN
1_13_2013,1,13,2013,50.9,56.9,44,0,14,24,NaN,NaN
1_14_2013,1,14,2013,38.3,50.8,29.5,0,7,24,NaN,NaN
1_15_2013,1,15,2013,29.3,33,26.6,0,1,22,NaN,NaN
1_16_2013,1,16,2013,31.2,34.9,28.6,0,13,24,NaN,NaN
1_17_2013,1,17,2013,26.4,35.4,18.5,0,12,24,NaN,NaN
1_18_2013,1,18,2013,19.4,26.9,10.9,0,11,20,NaN,NaN
1_19_2013,1,19,2013,40.3,48.7,28.5,0,0,0,NaN,NaN
1_20_2013,1,20,2013,33,48.6,20.5,0.06,2,0,NaN,NaN
1_21_2013,1,21,2013,18.6,20.6,16.4,0,0,2,NaN,NaN
1_22_2013,1,22,2013,10.6,15.4,7.6,0,0,0,NaN,NaN
1_23_2013,1,23,2013,5.9,10.3,0,0,0,2,NaN,NaN
1_24_2013,1,24,2013,6.5,13.8,-0.8,0,0,4,NaN,NaN
1_25_2013,1,25,2013,11.2,14.9,7.2,0,0,7,NaN,NaN
1_26_2013,1,26,2013,11,21.6,-1.4,0,2,9,NaN,NaN
1_27_2013,1,27,2013,20.5,26,12.5,0,4,22,NaN,NaN
1_28_2013,1,28,2013,30.9,41.5,22,0.3,13,24,NaN,NaN
1_29_2013,1,29,2013,40.1,49.2,32.3,0.44,21,24,NaN,NaN
1_30_2013,1,30,2013,54.7,60.8,48.4,0.04,2,24,NaN,NaN
1_31_2013,1,31,2013,32.7,54.1,21,0.24,4,24,NaN,NaN
2_1_2013,2,1,2013,18.6,20.4,16.5,0,0,24,NaN,NaN
2_2_2013,2,2,2013,17.2,20.3,13.7,0,0,24,NaN,NaN
2_3_2013,2,3,2013,18.1,25.9,9.9,0,0,24,NaN,NaN
2_4_2013,2,4,2013,19,21.4,17,0,0,24,NaN,NaN
2_5_2013,2,5,2013,19.9,25.2,13.4,0,2,24,NaN,NaN
2_6_2013,2,6,2013,23.2,27,14.5,0,1,24,NaN,NaN
2_7_2013,2,7,2013,22.5,31.5,10.9,0,7,24,NaN,NaN
2_8_2013,2,8,2013,30.7,35.6,20.8,0,10,24,NaN,NaN
2_9_2013,2,9,2013,17.2,20,13.4,0,9,24,NaN,NaN
2_10_2013,2,10,2013,20.6,33.5,5.9,0,7,24,NaN,NaN
2_11_2013,2,11,2013,36.7,42,33.5,0.45,5,24,NaN,NaN
2_12_2013,2,12,2013,33.4,35.7,31.1,0.05,0,24,NaN,NaN
2_13_2013,2,13,2013,31.3,36.7,26.7,0,0,24,NaN,NaN
2_14_2013,2,14,2013,31.4,39.3,25.5,0.06,5,24,NaN,NaN
2_15_2013,2,15,2013,35.1,38.1,28.5,0.03,6,24,NaN,NaN
2_16_2013,2,16,2013,24,27.1,20.1,0,0,24,NaN,NaN
2_17_2013,2,17,2013,15.7,20.6,11.7,0,0,24,NaN,NaN
2_18_2013,2,18,2013,19.7,30.5,10.6,0,0,24,NaN,NaN
2_19_2013,2,19,2013,32.8,37.9,26.7,0.08,4,24,NaN,NaN
2_20_2013,2,20,2013,21.9,25.8,19.2,0,0,24,NaN,NaN
2_21_2013,2,21,2013,17.5,20.7,13.8,0,6,24,NaN,NaN
2_22_2013,2,22,2013,26.5,34.1,19.2,0,10,24,NaN,NaN
2_23_2013,2,23,2013,34.1,38.3,31,0.04,5,24,NaN,NaN
2_24_2013,2,24,2013,30.7,31.6,29.2,0,0,24,NaN,NaN
2_25_2013,2,25,2013,32.5,36.4,28.9,0,3,24,NaN,NaN
2_26_2013,2,26,2013,32.9,41.2,25.1,0.02,14,24,NaN,NaN
2_27_2013,2,27,2013,33.1,35.2,31.9,0.93,16,24,NaN,NaN
2_28_2013,2,28,2013,34.9,37.7,32.6,0.35,12,24,NaN,NaN
3_1_2013,3,1,2013,29.5,32.5,25.9,0.03,9,24,NaN,NaN
3_2_2013,3,2,2013,23.8,26.2,22.3,0,0,24,NaN,NaN
3_3_2013,3,3,2013,22.1,23.3,20.3,0,1,24,NaN,NaN
3_4_2013,3,4,2013,24.6,28.1,21.2,0,0,24,NaN,NaN
3_5_2013,3,5,2013,26.6,31.5,24,0,4,24,NaN,NaN
3_6_2013,3,6,2013,31.1,39,20.1,0,13,24,NaN,NaN
3_7_2013,3,7,2013,33.6,36,30.2,0,0,24,NaN,NaN
3_8_2013,3,8,2013,31.6,37.6,27.2,0.01,11,24,NaN,NaN
3_9_2013,3,9,2013,36.4,46.7,29.8,0,2,24,NaN,NaN
3_10_2013,3,10,2013,44.9,56.8,32.2,0,0,23,NaN,NaN
3_11_2013,3,11,2013,49.5,53.2,46.2,0,1,24,NaN,NaN
3_12_2013,3,12,2013,42.6,53.5,35.5,0.3,7,24,NaN,NaN
3_13_2013,3,13,2013,33.4,37.5,25.5,0,4,20,NaN,NaN
3_14_2013,3,14,2013,24.6,30.6,18.2,0,3,9,NaN,NaN
3_15_2013,3,15,2013,30.7,36.9,24,0,9,23,NaN,NaN
3_16_2013,3,16,2013,25.7,30.6,20.1,0,10,24,NaN,NaN
3_17_2013,3,17,2013,23.7,28,19.2,0.01,16,24,NaN,NaN
3_18_2013,3,18,2013,24.4,33.2,17.1,0,1,24,NaN,NaN
3_19_2013,3,19,2013,32,36.8,26.6,0.3,7,14,NaN,NaN
3_20_2013,3,20,2013,27.5,31.9,23.6,0,0,0,NaN,NaN
3_21_2013,3,21,2013,24.9,28.8,19.9,0,0,22,NaN,NaN
3_22_2013,3,22,2013,27.5,30.1,24.6,0.01,1,24,NaN,NaN
3_23_2013,3,23,2013,31.9,36.1,29,0,0,24,NaN,NaN
3_24_2013,3,24,2013,31.8,37.4,27.2,0,2,24,NaN,NaN
3_25_2013,3,25,2013,33.4,39.5,29.4,0,0,24,NaN,NaN
3_26_2013,3,26,2013,36.6,43.6,31.4,0,0,24,NaN,NaN
3_27_2013,3,27,2013,36.6,43.9,32.8,0.08,8,24,NaN,NaN
3_28_2013,3,28,2013,36.9,42.1,32.4,0.01,4,24,NaN,NaN
3_29_2013,3,29,2013,40.1,46.4,36.2,0,3,24,NaN,NaN
3_30_2013,3,30,2013,41.5,50.7,34.4,0,0,19,NaN,NaN
3_31_2013,3,31,2013,41.4,53.1,33.8,0.29,6,24,NaN,NaN
4_1_2013,4,1,2013,36.2,43.9,26.2,0.05,10,24,NaN,NaN
4_2_2013,4,2,2013,27.7,32.7,23.6,0,0,24,NaN,NaN
4_3_2013,4,3,2013,29.9,35,25.9,0,0,21,NaN,NaN
4_4_2013,4,4,2013,38.3,55.9,24.9,0,0,15,NaN,NaN
4_5_2013,4,5,2013,38.3,44.2,30.8,0,0,22,NaN,NaN
4_6_2013,4,6,2013,34.7,43.4,24.4,0,0,18,NaN,NaN
4_7_2013,4,7,2013,52.7,70.3,42.9,0,1,18,NaN,NaN
4_8_2013,4,8,2013,47.5,58,37.4,0,5,24,NaN,NaN
4_9_2013,4,9,2013,54,65,45,0.12,4,24,NaN,NaN
4_10_2013,4,10,2013,43.9,47.5,39.2,1.66,24,24,NaN,NaN
4_11_2013,4,11,2013,35,39.1,32.1,0.33,17,24,NaN,NaN
4_12_2013,4,12,2013,41.1,48.9,33.7,0.68,16,24,NaN,NaN
4_13_2013,4,13,2013,41.9,45,39.7,0,7,24,NaN,NaN
4_14_2013,4,14,2013,39.4,45,34.5,0.03,4,24,NaN,NaN
4_15_2013,4,15,2013,49.7,67.5,34.2,0,1,24,NaN,NaN
4_16_2013,4,16,2013,56.4,64.4,48,0.33,7,24,NaN,NaN
4_17_2013,4,17,2013,46.2,53.7,37.8,0,0,24,NaN,NaN
4_18_2013,4,18,2013,56.3,68.4,40.5,0,0,22,NaN,NaN
4_19_2013,4,19,2013,59.1,72.7,42.5,0.1,4,24,NaN,NaN
4_20_2013,4,20,2013,39.2,42.4,32.3,0.02,1,24,NaN,NaN
4_21_2013,4,21,2013,35.1,43.2,28.3,0,0,24,NaN,NaN
4_22_2013,4,22,2013,43.2,57.2,29,0,0,24,NaN,NaN
4_23_2013,4,23,2013,48.2,59.4,37.2,0,0,24,NaN,NaN
4_24_2013,4,24,2013,53.2,67.2,42,0.04,6,24,NaN,NaN
4_25_2013,4,25,2013,44.8,55.1,36.4,0.02,5,24,NaN,NaN
4_26_2013,4,26,2013,44.7,53.5,37.7,0.06,7,24,NaN,NaN
4_27_2013,4,27,2013,51.4,67,35.9,0,0,22,NaN,NaN
4_28_2013,4,28,2013,57.5,71.2,42.6,0.1,4,21,NaN,NaN
4_29_2013,4,29,2013,54.1,57.9,49.6,0.06,8,24,NaN,NaN
4_30_2013,4,30,2013,59.8,67.7,54.5,0.02,3,24,NaN,NaN
5_1_2013,5,1,2013,63.3,74.8,53.9,0,1,13,NaN,NaN
5_2_2013,5,2,2013,64,76.2,50.3,0,0,15,NaN,NaN
5_3_2013,5,3,2013,63.1,73,50.5,0,0,16,NaN,NaN
5_4_2013,5,4,2013,61.1,72.7,49,0,0,21,NaN,NaN
5_5_2013,5,5,2013,61.9,75.4,48.6,0,2,19,NaN,NaN
5_6_2013,5,6,2013,61.8,74.3,48.1,0,0,20,NaN,NaN
5_7_2013,5,7,2013,65.2,77.1,53,0,3,20,NaN,NaN
5_8_2013,5,8,2013,61.6,67.2,57,0.04,7,5,NaN,NaN
5_9_2013,5,9,2013,59.9,68.9,51.5,0.01,12,23,NaN,NaN
5_10_2013,5,10,2013,61.1,71.3,51.7,0.43,13,13,NaN,NaN
5_11_2013,5,11,2013,57.4,60.6,50.2,0.48,7,24,NaN,NaN
5_12_2013,5,12,2013,46.7,51,38.8,0,4,24,NaN,NaN
5_13_2013,5,13,2013,41.5,47.8,35.5,0,0,23,NaN,NaN
5_14_2013,5,14,2013,45.6,56.3,33.7,0,1,19,NaN,NaN
5_15_2013,5,15,2013,58.8,81.3,43.8,0.06,5,18,NaN,NaN
5_16_2013,5,16,2013,65.8,75.6,55.6,0,0,23,NaN,NaN
5_17_2013,5,17,2013,54,64,42,0,3,17,NaN,NaN
5_18_2013,5,18,2013,56.4,70.2,41.5,0,4,23,NaN,NaN
5_19_2013,5,19,2013,62.8,71.4,55.8,0,0,24,NaN,NaN
5_20_2013,5,20,2013,71.5,83.2,59.2,0,4,16,NaN,NaN
5_21_2013,5,21,2013,72.2,79.8,64.4,1.18,10,6,NaN,NaN
5_22_2013,5,22,2013,72.8,84.5,62.8,0.18,5,24,NaN,NaN
5_23_2013,5,23,2013,67.9,73.5,51.6,0.35,14,24,NaN,NaN
5_24_2013,5,24,2013,42.5,48.7,38.6,0.33,17,24,NaN,NaN
5_25_2013,5,25,2013,48,55.6,40.3,0,0,24,NaN,NaN
5_26_2013,5,26,2013,51.6,60.1,42.1,0,0,24,NaN,NaN
5_27_2013,5,27,2013,57.6,69.4,48.3,0,0,24,NaN,NaN
5_28_2013,5,28,2013,54.4,59.8,48.8,0.45,10,24,NaN,NaN
5_29_2013,5,29,2013,69.8,81.2,56,0.61,11,24,NaN,NaN
5_30_2013,5,30,2013,75.1,86.1,63.7,0,4,24,NaN,NaN
5_31_2013,5,31,2013,77.5,90,66.3,0,0,24,NaN,NaN
6_1_2013,6,1,2013,76.3,87.3,65.1,0,2,24,NaN,NaN
6_2_2013,6,2,2013,71,78.7,66.1,0.32,6,24,NaN,NaN
6_3_2013,6,3,2013,56.3,62.6,50.4,0,0,24,NaN,NaN
6_4_2013,6,4,2013,56,65.4,47.4,0,0,24,NaN,NaN
6_5_2013,6,5,2013,59.4,68.2,50.5,0,0,16,NaN,NaN
6_6_2013,6,6,2013,57.1,67.6,54,1.63,10,9,NaN,NaN
6_7_2013,6,7,2013,59,64.7,54.3,0.84,12,24,NaN,NaN
6_8_2013,6,8,2013,59,63,55.9,0.23,19,23,NaN,NaN
6_9_2013,6,9,2013,62.9,73.2,53.1,0,4,5,NaN,NaN
6_10_2013,6,10,2013,63.7,73.4,57.8,0.15,13,13,NaN,NaN
6_11_2013,6,11,2013,63.7,65.8,62,0.48,23,24,NaN,NaN
6_12_2013,6,12,2013,62.5,72.1,55.4,0.12,0,9,NaN,NaN
6_13_2013,6,13,2013,62.5,72.6,58.2,0.07,16,14,NaN,NaN
6_14_2013,6,14,2013,60.3,71.4,54.2,0.08,9,17,NaN,NaN
6_15_2013,6,15,2013,65.1,72.5,56.6,0.06,0,3,NaN,NaN
6_16_2013,6,16,2013,65.3,73.5,59,0.04,4,5,NaN,NaN
6_17_2013,6,17,2013,70.4,78.8,63.1,0.04,3,5,NaN,NaN
6_18_2013,6,18,2013,61.5,66.4,57.8,0.02,15,17,NaN,NaN
6_19_2013,6,19,2013,58.9,66.2,51,0.02,3,3,NaN,NaN
6_20_2013,6,20,2013,59.3,74.8,46.7,0.02,8,8,NaN,NaN
6_21_2013,6,21,2013,60.2,70.6,52.6,0.01,1,1,NaN,NaN
6_22_2013,6,22,2013,58.2,66.4,51,0.02,5,5,NaN,NaN
6_23_2013,6,23,2013,57.4,70.8,46.7,0.02,6,6,NaN,NaN
6_24_2013,6,24,2013,62.4,74.8,46.7,0.01,2,2,NaN,NaN
6_25_2013,6,25,2013,75,83.8,66.3,0,4,0,NaN,NaN
6_26_2013,6,26,2013,75.3,83.5,68.7,0,1,2,NaN,NaN
6_27_2013,6,27,2013,72.7,80.3,64.5,0.02,7,8,NaN,NaN
6_28_2013,6,28,2013,65.3,68.1,61.5,0.28,17,21,NaN,NaN
6_29_2013,6,29,2013,65.5,71.7,61.3,0.47,14,14,NaN,NaN
6_30_2013,6,30,2013,69,76.7,61.4,0.11,11,7,NaN,NaN
3_1_2014,3,1,2014,24.6,34.2,14.2,0.01,0,0,NaN,NaN
3_2_2014,3,2,2014,15.3,21.2,9,0,0,0,NaN,NaN
3_3_2014,3,3,2014,7.3,11.4,2,0,0,0,NaN,NaN
3_4_2014,3,4,2014,10.4,19,1,0,6,0,NaN,NaN
3_5_2014,3,5,2014,15.2,19.6,6.1,0,13,0,NaN,NaN
3_6_2014,3,6,2014,13,24.1,-3.8,0,1,0,NaN,NaN
3_7_2014,3,7,2014,29.9,42,18.7,0.03,0,0,NaN,NaN
3_8_2014,3,8,2014,32,37.8,28.3,0.03,10,1,NaN,NaN
3_9_2014,3,9,2014,26.7,32.6,20.6,0,3,0,NaN,NaN
3_10_2014,3,10,2014,39.3,47.4,32.3,0,2,0,NaN,NaN
3_11_2014,3,11,2014,44.9,54,37.8,0.01,3,0,NaN,NaN
3_12_2014,3,12,2014,25.9,41,11.7,0.23,11,24,NaN,NaN
3_13_2014,3,13,2014,10.3,14.7,5.9,0,0,11,NaN,NaN
3_14_2014,3,14,2014,32.1,49.5,12.8,0.04,0,0,NaN,NaN
3_15_2014,3,15,2014,36.8,43.7,23.8,0.03,5,0,NaN,NaN
3_16_2014,3,16,2014,17.2,22.6,9.7,0,0,0,NaN,NaN
3_17_2014,3,17,2014,18.2,26.3,10.2,0,0,0,NaN,NaN
3_18_2014,3,18,2014,31.9,46.9,14.9,0,0,3,NaN,NaN
3_19_2014,3,19,2014,37.5,45.6,29.7,0.17,6,8,NaN,NaN
3_20_2014,3,20,2014,36.5,39.2,31.5,0,0,6,NaN,NaN
3_21_2014,3,21,2014,31.2,37.8,26.4,0,0,3,NaN,NaN
3_22_2014,3,22,2014,35.5,41.9,29.2,0.02,2,2,NaN,NaN
3_23_2014,3,23,2014,22.5,32.7,16.9,0,0,3,NaN,NaN
3_24_2014,3,24,2014,19.8,25.1,14.7,0,0,5,NaN,NaN
3_25_2014,3,25,2014,27.1,38,16.5,0,0,0,NaN,NaN
3_26_2014,3,26,2014,19.8,23.1,16,0,0,1,NaN,NaN
3_27_2014,3,27,2014,29,41.9,13.5,0,0,0,NaN,NaN
3_28_2014,3,28,2014,44.4,57.7,36.7,0.1,6,0,NaN,NaN
3_29_2014,3,29,2014,35.8,40.7,32.1,1.24,10,17,NaN,NaN
3_30_2014,3,30,2014,32.1,34.6,29.7,0.17,12,21,NaN,NaN
3_31_2014,3,31,2014,35.9,43.3,30.3,0.09,0,10,NaN,NaN
4_1_2014,4,1,2014,42.1,58.7,26.3,0,0,8,2,NaN
4_2_2014,4,2,2014,41.9,52.7,31.4,0,0,3,4.3,NaN
4_3_2014,4,3,2014,35.8,43.9,25.6,0,0,3,2.9,NaN
4_4_2014,4,4,2014,41.2,48.7,34,0.18,17,15,3.9,NaN
4_5_2014,4,5,2014,37,43.5,32.1,0,2,1,11.2,NaN
4_6_2014,4,6,2014,39.7,53.8,24.7,0,0,1,2.6,NaN
4_7_2014,4,7,2014,37.6,47.8,28.8,0.47,4,12,2.1,NaN
4_8_2014,4,8,2014,44.6,51.1,38.1,0.2,6,10,9,NaN
4_9_2014,4,9,2014,40.8,47.4,33.8,0,0,4,6,NaN
4_10_2014,4,10,2014,52,70,29.5,0,0,0,5.9,NaN
4_11_2014,4,11,2014,51.4,58.9,41.2,0,1,6,3.6,NaN
4_12_2014,4,12,2014,55.3,69.1,37.7,0,0,4,2.2,NaN
4_13_2014,4,13,2014,65.2,82.7,49.5,0.01,3,0,4.5,NaN
4_14_2014,4,14,2014,66.2,78.5,57.8,0.09,3,0,5.8,NaN
4_15_2014,4,15,2014,39.5,61.6,26.3,0.53,11,16,10.1,NaN
4_16_2014,4,16,2014,29,39.3,21.6,0,0,3,6.4,NaN
4_17_2014,4,17,2014,40.2,55.7,23,0,0,2,2.6,NaN
4_18_2014,4,18,2014,47.3,61.9,35.9,0,0,0,3.7,NaN
4_19_2014,4,19,2014,42.7,50.9,32.4,0,0,1,6.5,NaN
4_20_2014,4,20,2014,49.7,68.4,28.6,0,0,7,2.2,NaN
4_21_2014,4,21,2014,60.5,77.5,44.2,0,0,0,2.4,NaN
4_22_2014,4,22,2014,54.2,63.1,43,0.03,2,1,11.4,NaN
4_23_2014,4,23,2014,39.8,42.9,36.6,0.23,14,14,12,NaN
4_24_2014,4,24,2014,41.4,52,31.9,0.05,0,0,7.8,NaN
4_25_2014,4,25,2014,49.9,64.6,32.8,0.3,5,3,2.7,NaN
4_26_2014,4,26,2014,45.2,49.8,41.8,0.15,10,7,6.8,NaN
4_27_2014,4,27,2014,43.5,51.7,36.1,0,6,7,6.3,NaN
4_28_2014,4,28,2014,46.4,58.4,30.5,0,0,7,2.8,NaN
4_29_2014,4,29,2014,46.3,52.8,42.9,0.27,8,7,9.7,651
4_30_2014,4,30,2014,46.9,52.1,42.3,0.46,6,13,10.4,1324
5_1_2014,5,1,2014,53.5,60.3,48.9,0.02,13,9,5.4,1170
5_2_2014,5,2,2014,50.8,55.4,47,0.02,5,0,6.1,1136
5_3_2014,5,3,2014,51.3,58.4,46.9,0.08,8,1,3.9,1203
5_4_2014,5,4,2014,48.1,54.5,43.8,0,1,0,12.3,1123
5_5_2014,5,5,2014,49,56.6,39,0,0,0,7.2,1078
5_6_2014,5,6,2014,50.6,58.2,41.4,0,0,0,6,1010
5_7_2014,5,7,2014,50.2,62.9,33.9,0,0,2,2.5,1106
5_8_2014,5,8,2014,59.9,74.4,49,0,3,0,2.6,1076
5_9_2014,5,9,2014,68.1,83.4,53.8,0.11,10,5,6.3,1151
5_10_2014,5,10,2014,65.1,72.9,55.9,0.12,6,3,7.6,1105
5_11_2014,5,11,2014,60.6,73,49,0,0,0,4.5,910
5_12_2014,5,12,2014,66.2,79.1,52.1,0,1,0,2.2,1042
5_13_2014,5,13,2014,69.9,84,58,0.8,7,4,3.9,1330
5_14_2014,5,14,2014,68.6,81.3,59.5,0.59,3,2,8.9,1218
5_15_2014,5,15,2014,68.9,76.9,63.2,0.18,5,4,10.9,851
5_16_2014,5,16,2014,49.9,63.4,42,1.5,15,11,5.7,557
5_17_2014,5,17,2014,47,55.8,40,0,0,4,3.6,1411
5_18_2014,5,18,2014,50.8,60.9,42.9,0.01,6,6,3.4,1432
5_19_2014,5,19,2014,54.2,65.7,39,0,9,4,4,1274
5_20_2014,5,20,2014,61.1,72.3,52,0,1,0,2.4,1120
5_21_2014,5,21,2014,61.4,66.4,55,0,0,4,4.5,1290
5_22_2014,5,22,2014,63.1,73.3,54.6,0.08,12,8,5.2,937
5_23_2014,5,23,2014,53.4,55.8,50.9,0.06,5,10,6.5,1127
5_24_2014,5,24,2014,60.4,72.5,50.9,0,0,7,6,919
5_25_2014,5,25,2014,65.9,76.6,53.5,0,0,0,5.2,1207
5_26_2014,5,26,2014,72.1,80,62,0,0,0,6.7,989
5_27_2014,5,27,2014,73.1,80.9,62.3,0,2,0,5,1126
5_28_2014,5,28,2014,55.9,68.9,52.6,0,3,10,6.7,1389
5_29_2014,5,29,2014,57.6,65.4,51.9,0,1,10,3.4,1427
5_30_2014,5,30,2014,60.8,72.2,46.9,0,9,9,4.1,1090
5_31_2014,5,31,2014,60.7,69.5,50.9,0,0,0,4.8,1115
6_1_2014,6,1,2014,63.8,78,43.9,0,0,5,5.7,1161
6_2_2014,6,2,2014,72.3,85.1,62,0.27,5,5,6.5,1215
6_3_2014,6,3,2014,72.7,80.9,60,0.04,6,3,5.7,875
6_4_2014,6,4,2014,63.3,71,52.4,0,0,1,4.5,1312
6_5_2014,6,5,2014,57.4,64.4,51.9,0,1,0,5.5,1182
6_6_2014,6,6,2014,61.2,71.6,53,0,0,1,5.9,1305
6_7_2014,6,7,2014,66.4,78.1,51.9,0,0,0,3.4,1225
6_8_2014,6,8,2014,65.5,79.8,51.9,0.5,6,8,4.2,1277
6_9_2014,6,9,2014,65.8,71,59.9,0.01,7,10,3.8,1232
6_10_2014,6,10,2014,67.8,74.6,61.9,0,0,11,2.4,949
6_11_2014,6,11,2014,67.8,76.4,62,0.01,4,11,8.9,949
6_12_2014,6,12,2014,65.7,69,62.2,0.15,0,21,9.4,806
6_13_2014,6,13,2014,68.3,79.3,59.6,0.16,7,12,4.9,915
6_14_2014,6,14,2014,56.3,63.1,49.9,0,0,1,6.6,775
6_15_2014,6,15,2014,61.2,71.9,52,0,0,6,3.8,1335
6_16_2014,6,16,2014,68.2,83.2,51.9,0,4,9,3.3,1395
6_17_2014,6,17,2014,74.5,85.3,64.1,0.62,3,7,5.7,1288
6_18_2014,6,18,2014,69.7,75.7,64.9,0.02,2,4,5.7,1371
6_19_2014,6,19,2014,65.9,72.3,53,0.01,8,7,4.9,1142
6_20_2014,6,20,2014,61.2,70.1,51.7,0,0,0,4.8,1155
6_21_2014,6,21,2014,61.2,72.9,47.3,0,0,4,2.5,1416
6_22_2014,6,22,2014,64.9,78.6,50.9,0,0,5,2.2,1361
6_23_2014,6,23,2014,69.4,81.5,52.9,0,0,5,5,1036
6_24_2014,6,24,2014,72.6,83.3,66.2,0.8,12,8,6.3,1137
6_25_2014,6,25,2014,67.9,74.4,65,0.64,23,23,3,915
6_26_2014,6,26,2014,69.3,77.8,61.5,0,0,11,5.5,1238
6_27_2014,6,27,2014,70.3,84,58,0,0,7,2.2,1421
6_28_2014,6,28,2014,72.8,84.1,59,0,0,5,5.2,1418
6_29_2014,6,29,2014,74.8,85,65,0,0,0,6.3,1310
6_30_2014,6,30,2014,78,87.8,68.9,0,0,0,4,1344
7_1_2014,7,1,2014,79,86.9,70,0.01,1,5,5.9,1372
7_2_2014,7,2,2014,75,83.9,67.7,0.1,6,5,3.6,1181
7_3_2014,7,3,2014,68.9,75.6,62.9,0.03,7,11,2.5,892
7_4_2014,7,4,2014,63.1,70.5,57.9,0.02,3,6,7.8,1139
7_5_2014,7,5,2014,66.7,76.4,56,0,0,0,6.6,1050
7_6_2014,7,6,2014,70.4,81.3,59.6,0,0,0,5.2,1280
7_7_2014,7,7,2014,69.2,76.9,61,0.07,4,3,5.5,902
7_8_2014,7,8,2014,73.9,85.3,66,0.07,4,6,6.2,1169
7_9_2014,7,9,2014,65.5,74,58.9,0.26,6,8,4.1,1417
7_10_2014,7,10,2014,63.6,75.3,52,0,3,8,3,1448
7_11_2014,7,11,2014,66,79.6,50.9,0,0,9,1.6,932
7_12_2014,7,12,2014,71.1,84.8,58.9,0,0,7,2.3,1309
7_13_2014,7,13,2014,71.1,76.9,66,0.15,3,5,5.6,719
7_14_2014,7,14,2014,70.1,78.9,64,0.87,2,16,1.6,1232
7_15_2014,7,15,2014,69.6,78,64.9,0.13,10,10,4.3,1448
7_16_2014,7,16,2014,64.1,71,53.4,0,0,3,3.6,857
7_17_2014,7,17,2014,62.9,72.9,54.3,0,2,5,3.4,936
7_18_2014,7,18,2014,66.1,79.8,54.9,0,0,3,2,963
7_19_2014,7,19,2014,66,76.4,56.8,0.02,7,12,2.1,592
7_20_2014,7,20,2014,69.1,77.5,60.3,0.11,10,9,3.1,667
7_21_2014,7,21,2014,72.9,83.7,64,0,0,10,2.5,1038
7_22_2014,7,22,2014,75.6,87.4,62.8,0,4,10,1.8,1078
7_23_2014,7,23,2014,71.7,82.5,63.9,0.1,4,8,6.6,808
7_24_2014,7,24,2014,63.4,70.2,55,0,0,1,5.7,895
7_25_2014,7,25,2014,65,76.9,54,0,0,2,3.6,893
7_26_2014,7,26,2014,69.4,80.7,56.9,0,0,0,3.1,967
7_27_2014,7,27,2014,73.3,81.4,67,0.03,3,3,4.6,897
7_28_2014,7,28,2014,61.3,67.9,57.9,3.47,21,24,6.5,1503
7_29_2014,7,29,2014,59.8,67.7,53.9,0,0,12,3.8,829
7_30_2014,7,30,2014,60.6,71.3,53.9,0.15,9,15,3.2,1117
7_31_2014,7,31,2014,64.1,74.9,51.9,2.22,9,13,2.9,1743
8_1_2014,8,1,2014,69.1,80.9,57.9,0,0,7,3.8,1037
8_2_2014,8,2,2014,70,81,59.9,0.1,3,9,3,1051
8_3_2014,8,3,2014,66.1,76,61,0.89,17,17,1.7,1263
8_4_2014,8,4,2014,69.7,80.1,61,0.02,12,14,2.1,1931
8_5_2014,8,5,2014,67,77.1,59.9,0.07,10,17,1.9,1553
8_6_2014,8,6,2014,66.1,74.7,59.9,0,9,9,5,1521
8_7_2014,8,7,2014,65.5,74.3,58.8,0,0,3,5.6,573
8_8_2014,8,8,2014,65,76,55.9,0,0,8,4.2,133
8_9_2014,8,9,2014,66.4,80.9,54.2,0,0,10,2.4,135
8_10_2014,8,10,2014,67.8,81.6,55.3,0,0,10,1.8,155
8_11_2014,8,11,2014,70.1,82.3,58.2,0,0,7,4.7,122
8_12_2014,8,12,2014,66.8,71.7,61.9,0.24,0,15,11.1,41
8_13_2014,8,13,2014,65.3,71.8,54.9,0.08,6,11,6.4,106
8_14_2014,8,14,2014,58.2,65.5,53,0.04,3,3,4.9,94
8_15_2014,8,15,2014,60.1,69.2,52.9,0.01,4,0,5,101
8_16_2014,8,16,2014,61.8,70,53.9,0.14,4,3,4.4,77
8_17_2014,8,17,2014,63.6,70.9,56,0,4,11,4.6,113
8_18_2014,8,18,2014,61.9,71.8,50.6,0,0,11,3.1,117
8_19_2014,8,19,2014,63.6,78,48.9,0,7,13,2.8,128
8_20_2014,8,20,2014,67.3,74.6,61.9,0.15,17,18,2.7,45
8_21_2014,8,21,2014,69.4,79.3,63.1,0.51,16,17,2.4,97
8_22_2014,8,22,2014,68.8,77.8,62,0.17,4,15,2,90
8_23_2014,8,23,2014,66.6,70,60.8,0,5,12,3.7,54
8_24_2014,8,24,2014,66.6,77.9,56.9,0,7,13,1.7,140
8_25_2014,8,25,2014,68.9,81,57.1,0,6,8,2.7,138
8_26_2014,8,26,2014,71.1,82,57.1,0,0,5,4,133
8_27_2014,8,27,2014,69.1,76.6,58.9,0,0,7,4,84
8_28_2014,8,28,2014,60,66.6,54.9,0,0,7,5.5,93
8_29_2014,8,29,2014,62.1,72.2,51.9,0,0,6,3,130
8_30_2014,8,30,2014,68.8,81.4,56.6,0,0,5,7.3,119
8_31_2014,8,31,2014,71.3,76,65.9,0.51,7,11,5,49
9_1_2014,9,1,2014,73,82.8,63,0,0,11,3.7,121
9_2_2014,9,2,2014,71.6,81.3,64,0.26,9,16,3.3,63
9_3_2014,9,3,2014,68.9,78.2,61.9,0,0,11,3,129
9_4_2014,9,4,2014,70.2,83.3,59,0,0,8,2.5,100
9_5_2014,9,5,2014,75.9,88.1,64,0,1,8,4.4,126
9_6_2014,9,6,2014,65.3,70.7,57,0.06,12,9,3.9,28
9_7_2014,9,7,2014,60.4,72.3,50,0,0,6,4.1,121
9_8_2014,9,8,2014,61.7,75.9,46.2,0,5,8,3.9,123
9_9_2014,9,9,2014,64.3,74.7,54.9,0,0,5,6.3,105
9_10_2014,9,10,2014,66.8,74.9,58.9,0,0,7,7.6,82
9_11_2014,9,11,2014,64,70.3,54.9,0.07,2,5,8.6,39
9_12_2014,9,12,2014,51.6,58.9,43.1,0.01,6,10,4.2,61
9_13_2014,9,13,2014,49.8,65,40.9,0.26,4,18,3.9,44
9_14_2014,9,14,2014,51.9,61.5,42.2,0,0,9,2.8,103
9_15_2014,9,15,2014,57,67.9,48.9,0.04,5,4,2.7,96
9_16_2014,9,16,2014,55.5,63.4,47.8,0.18,8,11,3.4,78
9_17_2014,9,17,2014,55.4,66.7,46.8,0,0,11,3.4,90
9_18_2014,9,18,2014,51,59.9,42.4,0,3,12,4.2,48
9_19_2014,9,19,2014,48.3,60.9,34,0,0,10,2.3,115
9_20_2014,9,20,2014,64.1,75,51.1,0,0,7,7.9,84
9_21_2014,9,21,2014,65.2,77.5,59.5,0.03,2,2,6.7,46
9_22_2014,9,22,2014,50.5,58.4,43.1,0.01,9,8,7,56
9_23_2014,9,23,2014,55.8,70,42,0,0,8,3.2,105
9_24_2014,9,24,2014,59.3,72.6,47,0,0,12,2.9,104
9_25_2014,9,25,2014,57.7,68.1,48.9,0,0,14,1.8,77
9_26_2014,9,26,2014,60,74.5,48.3,0,12,14,2.3,100
9_27_2014,9,27,2014,63.1,78.6,51.2,0,2,12,2,101
9_28_2014,9,28,2014,63.4,78.8,50.2,0,10,13,1.3,94
9_29_2014,9,29,2014,64.6,77.8,53.8,0,1,11,1.3,94
9_30_2014,9,30,2014,62.1,78.9,50.9,0.01,8,15,2.2,87
10_1_2014,10,1,2014,60.9,71.7,55.9,0.01,11,17,1.7,60
10_2_2014,10,2,2014,60.7,70.6,54.9,0,5,14,3,66
10_3_2014,10,3,2014,62.1,70.2,52.9,0,0,8,9.1,68
10_4_2014,10,4,2014,53.8,62,39.5,0,10,11,5.4,35
10_5_2014,10,5,2014,44.2,54.6,33.8,0,8,4,3,46
10_6_2014,10,6,2014,53.9,67,40.3,0,0,0,7.8,69
10_7_2014,10,7,2014,60.3,66.8,55.9,0,0,0,7.2,101
10_8_2014,10,8,2014,54.7,60.4,46.9,0,2,1,6.3,95
10_9_2014,10,9,2014,50.1,60,39.4,0,0,0,4.8,164
10_10_2014,10,10,2014,47.6,57.6,39.9,0,0,6,3.2,139
10_11_2014,10,11,2014,46.2,53.5,39.8,0,0,10,3.7,105
10_12_2014,10,12,2014,45.6,57.1,35.9,0,0,6,3.1,170
10_13_2014,10,13,2014,56.6,66.8,43,0,0,1,7.3,82
10_14_2014,10,14,2014,68.6,77.9,59.9,0,0,1,10.7,120
10_15_2014,10,15,2014,65.4,70,60,0.47,8,16,6.3,37
10_16_2014,10,16,2014,61.3,67.9,55.2,0.05,12,11,2.6,91
10_17_2014,10,17,2014,58.1,65,51,0.03,2,4,5,105
10_18_2014,10,18,2014,50.7,56,41.9,0.16,18,10,7,58
10_19_2014,10,19,2014,38.3,42,32.9,0.01,6,8,5.8,72
10_20_2014,10,20,2014,44.8,52.7,34.6,0.07,3,5,3.8,55
10_21_2014,10,21,2014,49,53.9,45.9,0.28,15,23,3.6,39
10_22_2014,10,22,2014,46.3,48,44.9,0.02,6,14,7,18
10_23_2014,10,23,2014,48.8,54,45,0,5,6,9.1,70
10_24_2014,10,24,2014,50.4,59,45.2,0,0,8,5.9,144
10_25_2014,10,25,2014,55.5,65.9,48.8,0.04,1,0,5.7,90
10_26_2014,10,26,2014,48.1,50.4,45,0,5,0,8.7,47
10_27_2014,10,27,2014,47.7,56,39.7,1.19,0,1,3.6,1346
10_28_2014,10,28,2014,62.5,78.3,51.8,0.46,5,5,5.9,1820
10_29_2014,10,29,2014,50.8,57.2,45.9,0,7,1,5.1,1725
10_30_2014,10,30,2014,41.8,45.9,33.9,0,1,5,4.3,2478
10_31_2014,10,31,2014,42.6,49.3,36,0.01,7,10,2.9,2539
11_1_2014,11,1,2014,38.1,40.9,34.9,0.17,24,19,7.3,1685
11_2_2014,11,2,2014,36.2,39.4,32.1,0.01,2,4,10.3,2483
11_3_2014,11,3,2014,48.2,54.9,37.9,0,0,0,6,2364
11_4_2014,11,4,2014,57.1,65.3,48,0,1,0,5,2011
11_5_2014,11,5,2014,48.7,57,35.9,0.01,4,4,6.1,2287
11_6_2014,11,6,2014,39.5,42,35.9,0.63,15,24,2.5,1836
11_7_2014,11,7,2014,35.7,40,31.9,0.3,16,15,7.8,1605
11_8_2014,11,8,2014,37.2,45.9,27.1,0,0,6,4.4,2609
11_9_2014,11,9,2014,40.1,45.4,36.9,0,1,0,3.1,2613
11_10_2014,11,10,2014,46.6,55.2,36.7,0,0,0,3.4,2393
11_11_2014,11,11,2014,53.9,64.1,45.3,0,0,0,9.5,2706
11_12_2014,11,12,2014,43.1,55.1,33.9,0,2,0,8.7,1040
11_13_2014,11,13,2014,31.2,33.3,27,0,11,9,3.6,47
11_14_2014,11,14,2014,29.2,35.3,25.9,0,1,1,8.1,184
11_15_2014,11,15,2014,30.6,37.4,25,0,0,3,4,208
11_16_2014,11,16,2014,33.4,39,28,0,0,0,4.8,94
11_17_2014,11,17,2014,32.3,35,27.6,0.32,19,20,3.1,29
11_18_2014,11,18,2014,19.3,22.9,16.6,0.01,0,2,11,124
11_19_2014,11,19,2014,20.5,25,13.7,0,0,2,9.1,218
11_20_2014,11,20,2014,23.1,28.6,19.9,0,0,13,7.5,117
11_21_2014,11,21,2014,21.2,26.9,17.9,0,0,4,6.6,245
11_22_2014,11,22,2014,32.6,44,18.9,0.12,7,5,6.8,96
11_23_2014,11,23,2014,46.7,49.9,43,0.02,5,2,4.4,39
11_24_2014,11,24,2014,56.1,65.9,42.9,0.07,1,6,10,137
11_25_2014,11,25,2014,40.9,48,32.9,0,0,0,6.6,175
11_26_2014,11,26,2014,30.4,32.9,26.3,0,0,12,1.3,20
11_27_2014,11,27,2014,27.3,31.3,24.9,0.06,7,19,3.4,142
11_28_2014,11,28,2014,23.1,26.9,20.8,0,0,5,5.9,180
11_29_2014,11,29,2014,27.4,35,20.9,0,6,0,9.4,118
11_30_2014,11,30,2014,43.9,52.2,34,0.02,0,0,11.5,111
12_1_2014,12,1,2014,35.7,49.3,25.9,0.13,11,9,8.2,73
12_2_2014,12,2,2014,27.6,35.9,20.9,0.09,0,10,8.6,126
12_3_2014,12,3,2014,36.5,40,31.9,0.03,9,14,6.9,23
12_4_2014,12,4,2014,27.3,32.9,18.7,0,0,7,4.3,128
12_5_2014,12,5,2014,29.4,36.9,18.6,0.05,0,12,5.3,48
12_6_2014,12,6,2014,34.7,37,32.9,0.49,19,20,4,23
12_7_2014,12,7,2014,24.4,31.9,16.9,0,0,2,4.9,174
12_8_2014,12,8,2014,25.3,31,16,0,0,8,10,117
12_9_2014,12,9,2014,33.3,37.9,29,0,6,13,6.7,112
12_10_2014,12,10,2014,28,33,25.9,0,23,24,11.5,68
12_11_2014,12,11,2014,23.1,25,20.9,0,10,20,8.1,92
12_12_2014,12,12,2014,26,29,21.9,0,9,16,8.3,98
12_13_2014,12,13,2014,31.3,33,27.9,0.03,21,24,5.7,64
12_14_2014,12,14,2014,34,37,30.9,0.04,23,24,3.2,75
12_15_2014,12,15,2014,33.8,35.9,32,0.02,24,24,0.8,52
12_16_2014,12,16,2014,37.7,40.9,32.9,0.15,5,23,7.4,51
12_17_2014,12,17,2014,36.4,42.4,29.3,0.01,7,14,7.7,52
12_18_2014,12,18,2014,29.4,31,26,0,8,14,9.8,38
12_19_2014,12,19,2014,24.2,26.2,22,0,24,24,6.5,47
12_20_2014,12,20,2014,26.3,28.9,24.8,0,13,2,3,76
12_21_2014,12,21,2014,29.1,34.6,25.9,0,0,1,1,123
12_22_2014,12,22,2014,30.9,36.9,23.9,0.02,1,4,7.4,155
12_23_2014,12,23,2014,41.1,46,33.3,0.09,10,24,8.4,37
12_24_2014,12,24,2014,48.8,53.9,45.9,0.15,0,24,9.2,29
12_25_2014,12,25,2014,41.8,54.5,37.9,0.01,6,0,10.5,55
12_26_2014,12,26,2014,38.5,47,29.9,0,0,1,4,161
12_27_2014,12,27,2014,44.2,52.9,29.9,0,0,1,4.1,120
12_28_2014,12,28,2014,36.9,48.2,30.9,0.05,8,3,5.3,35
12_29_2014,12,29,2014,26.5,31.3,22.9,0,0,3,4.6,83
12_30_2014,12,30,2014,19.6,23.9,16.9,0.01,2,19,3.2,136
12_31_2014,12,31,2014,17.4,20.3,12.3,0.01,0,0,6.5,181
1_1_2015,1,1,2015,25.3,32.2,16.9,0,0,4,7.2,183
1_2_2015,1,2,2015,27.3,30.3,18.9,0,0,1,6.3,124
1_3_2015,1,3,2015,27.7,39,17.9,0.21,0,19,7.8,36
1_4_2015,1,4,2015,43.3,55.1,32,0.09,5,13,10.6,75
1_5_2015,1,5,2015,15.2,30.6,7.9,0,0,0,12.7,146
1_6_2015,1,6,2015,12.9,16.4,9.1,0,0,5,4.6,97
1_7_2015,1,7,2015,6.7,13.9,0,0,0,10,12.8,125
1_8_2015,1,8,2015,11,17.6,0.9,0,0,6,9.6,176
1_9_2015,1,9,2015,16.1,21.7,10.7,0,0,11,10.4,178
1_10_2015,1,10,2015,9.4,16.9,4.9,0,0,5,5.3,220
1_11_2015,1,11,2015,22.4,32.9,6.9,0,0,0,4.4,105
1_12_2015,1,12,2015,27.8,31.9,15.2,0.04,8,24,6.2,79
1_13_2015,1,13,2015,3.2,11.4,-10.7,0,0,17,4.6,90
1_14_2015,1,14,2015,6,26.5,-7.5,0,0,16,1.9,167
1_15_2015,1,15,2015,15.3,28,-1.3,0.01,0,10,1.7,217
1_16_2015,1,16,2015,18.5,29,6.1,0,0,6,10,167
1_17_2015,1,17,2015,14.2,26,-2,0,0,10,8.6,175
1_18_2015,1,18,2015,32.4,40.4,25.9,0.02,8,5,8.8,92
1_19_2015,1,19,2015,28.7,33.9,21.9,0,2,2,8.4,58
1_20_2015,1,20,2015,16.4,21.9,5.4,0,0,17,3.7,177
1_21_2015,1,21,2015,13.9,21,1.9,0,0,17,2.4,147
1_22_2015,1,22,2015,21.7,26.8,17.9,0,0,10,4.2,188
1_23_2015,1,23,2015,26.2,37.6,19.9,0,0,0,4.4,234
1_24_2015,1,24,2015,26.2,30,22,0,8,13,5.8,176
1_25_2015,1,25,2015,17.6,31.9,4,0,3,9,6.4,173
1_26_2015,1,26,2015,10.2,13.5,5.9,0,0,20,3,114
1_27_2015,1,27,2015,11.4,13.9,6.8,0,0,13,7.9,178
1_28_2015,1,28,2015,12,22.9,4.4,0,0,3,6.7,280
1_29_2015,1,29,2015,18.3,29.3,-0.9,0,0,8,10.5,57
1_30_2015,1,30,2015,18.1,29,7.9,0,8,23,11.3,167
1_31_2015,1,31,2015,11.2,22.9,2.9,0,0,15,4.5,238
2_1_2015,2,1,2015,16.1,25,8,0,2,17,5.3,132
2_2_2015,2,2,2015,10.1,12.9,6.1,0,0,24,9.8,135
2_3_2015,2,3,2015,12.8,23.6,5,0,0,8,4.4,290
2_4_2015,2,4,2015,25,32.8,17.9,0,1,15,7.8,96
2_5_2015,2,5,2015,11.7,19.9,5,0,0,8,8.9,258
2_6_2015,2,6,2015,13.2,20.9,-1.6,0,0,5,7.7,259
2_7_2015,2,7,2015,24.1,27.5,20.2,0,3,13,3.5,116
2_8_2015,2,8,2015,18.9,24.9,12,0,15,24,3.9,61
2_9_2015,2,9,2015,15.5,20.4,10.9,0,0,24,2.4,134
2_10_2015,2,10,2015,15.5,18,7.1,0,0,24,2.7,110
2_11_2015,2,11,2015,17.8,31.8,0.3,0.04,14,15,1.3,273
2_12_2015,2,12,2015,16,31,1.7,0,3,17,10,276
2_13_2015,2,13,2015,2,7.4,-2.6,0,0,9,6.5,46
2_14_2015,2,14,2015,14.5,23.9,4.9,0.01,0,16,10.4,184
2_15_2015,2,15,2015,-1.1,3.9,-4.6,0,0,19,14.7,185
2_16_2015,2,16,2015,-0.7,5.5,-4.9,0,0,11,4.8,88
2_17_2015,2,17,2015,4.2,18.1,-9.5,0,0,10,2,355
2_18_2015,2,18,2015,13.1,24.5,1.6,0,0,11,4.2,266
2_19_2015,2,19,2015,3.9,10.5,-5.2,0,0,12,12.9,236
2_20_2015,2,20,2015,-3.3,6,-14.6,0,0,1,9.7,139
2_21_2015,2,21,2015,14.1,20.6,-1,0,0,6,8.7,114
2_22_2015,2,22,2015,22,35.1,12.9,0.05,0,11,3.2,275
2_23_2015,2,23,2015,1.5,11.1,-5.3,0,0,3,9.9,18
2_24_2015,2,24,2015,7,20.5,-9.5,0,0,0,7.8,283
2_25_2015,2,25,2015,13.6,18.8,5.9,0,0,2,6.2,422
2_26_2015,2,26,2015,9.3,16.9,5,0,0,13,1.7,297
2_27_2015,2,27,2015,6.8,12.9,1.9,0,0,9,6,446
2_28_2015,2,28,2015,9,29,-5.8,0,0,12,1.5,437
3_1_2015,3,1,2015,19.3,27.7,5.4,0,5,15,4.3,189
3_2_2015,3,2,2015,21.2,24.9,16,0,2,8,9.4,378
3_3_2015,3,3,2015,18.5,36.5,6.3,0,1,19,8.4,163
3_4_2015,3,4,2015,32.3,37,24,0.02,9,6,7.3,159
3_5_2015,3,5,2015,11.2,22.6,5.8,0,0,10,7.3,264
3_6_2015,3,6,2015,10.6,24.6,0.9,0,0,4,3.4,478
3_7_2015,3,7,2015,22,29.1,10.5,0,0,10,2.5,278
3_8_2015,3,8,2015,29.5,37.2,23.8,0.03,3,7,5,420
3_9_2015,3,9,2015,35.3,43,25.6,0,0,0,5.6,440
3_10_2015,3,10,2015,36.1,46.8,25,0,0,3,3.7,222
3_11_2015,3,11,2015,40.9,43.9,36.9,0,0,6,7.7,438
3_12_2015,3,12,2015,30.4,36.5,19.9,0,0,0,6.6,493
3_13_2015,3,13,2015,32.4,45.4,20,0,0,0,6.3,430
3_14_2015,3,14,2015,37.6,42.4,34.9,0,4,11,7.1,130
3_15_2015,3,15,2015,32.9,36,30,0.01,10,5,10.9,83
3_16_2015,3,16,2015,38.1,52.1,23.5,0,1,8,3.2,333
3_17_2015,3,17,2015,34.6,42.9,25.9,0.05,10,8,10.4,312
3_18_2015,3,18,2015,24.7,29.9,20.9,0,1,7,9.8,410
3_19_2015,3,19,2015,25.2,36.1,15.5,0,0,0,3.3,531
3_20_2015,3,20,2015,29.7,36.4,21.9,0.02,0,9,6.3,250
3_21_2015,3,21,2015,32.9,41.9,26.9,0.13,4,14,6.7,142
3_22_2015,3,22,2015,20.1,26.9,14.3,0.01,4,9,8.2,473
3_23_2015,3,23,2015,16.3,24.3,8.9,0,0,7,4.4,534
3_24_2015,3,24,2015,20.7,35.3,6,0,0,10,1.1,507
3_25_2015,3,25,2015,31.4,45.7,17.9,0.02,0,9,9.2,273
3_26_2015,3,26,2015,35.1,38.6,31.9,0.38,14,19,2.5,73
3_27_2015,3,27,2015,30.8,36.2,20.6,0,3,15,6,245
3_28_2015,3,28,2015,19.1,23.9,15,0,0,5,7.8,519
3_29_2015,3,29,2015,29.3,40.3,17.9,0,0,0,5.3,582
3_30_2015,3,30,2015,37.3,42,32.9,0.01,3,2,9.5,176
3_31_2015,3,31,2015,31.9,37.3,24.6,0,0,2,3,240
4_1_2015,4,1,2015,33.4,44.8,26.6,0,0,1,4.3,578
4_2_2015,4,2,2015,49.9,67.4,27.9,0.05,2,2,8.3,384
4_3_2015,4,3,2015,51,59,41,0.34,15,14,3.5,328
4_4_2015,4,4,2015,35.9,40.4,29.1,0.17,9,9,10,402
4_5_2015,4,5,2015,30.9,33,28.9,0.08,12,15,2.3,137
4_6_2015,4,6,2015,39.7,63.5,29.9,0.01,19,16,3.7,423
4_7_2015,4,7,2015,37.5,43.2,32.9,0,0,10,3.5,202
4_8_2015,4,8,2015,38.6,41,34.9,0.38,19,17,7.2,63
4_9_2015,4,9,2015,42.8,49.8,37.9,0.22,0,18,11.8,236
4_10_2015,4,10,2015,47.4,53,40.9,0.01,1,9,13.4,171
4_11_2015,4,11,2015,40.7,45.3,37.1,0,1,0,8.4,227
4_12_2015,4,12,2015,48.7,65.7,29,0,0,4,2.5,559
4_13_2015,4,13,2015,60.2,78.9,44.9,0.38,4,3,8,468
4_14_2015,4,14,2015,51.3,60.7,40.9,0.01,2,0,3.7,424
4_15_2015,4,15,2015,48.3,59,37.9,0,0,0,4.2,583
4_16_2015,4,16,2015,51.5,69.8,31.9,0.03,2,2,5.8,492
4_17_2015,4,17,2015,54.1,63.5,47.9,0.12,13,11,2.7,238
4_18_2015,4,18,2015,56.4,68.1,43.2,0,0,1,6.1,582
4_19_2015,4,19,2015,50.9,63.9,35.9,0,0,0,4.7,545
4_20_2015,4,20,2015,52.5,63.1,42,0.66,9,8,12.3,278
4_21_2015,4,21,2015,48.4,53.7,41.9,0.05,8,0,6.8,385
4_22_2015,4,22,2015,41.7,48,33.9,0,5,1,7.7,240
4_23_2015,4,23,2015,33.4,36.1,30.9,0,0,1,8.3,263
4_24_2015,4,24,2015,33.4,38,30,0,0,0,7.4,206
4_25_2015,4,25,2015,38.3,49.9,27.9,0,0,0,4.3,617
4_26_2015,4,26,2015,42.4,50.4,32.9,0,0,0,3.7,343
4_27_2015,4,27,2015,44.2,50,39.9,0.01,11,2,5.7,257
4_28_2015,4,28,2015,52.1,63.8,40.9,0.02,2,3,8.1,553
4_29_2015,4,29,2015,56.5,67.9,46.9,0,0,0,6,578
4_30_2015,4,30,2015,54.6,66.2,41.7,0,0,5,3.8,586
5_1_2015,5,1,2015,55.4,65.7,43.7,0,0,0,5,555
5_2_2015,5,2,2015,60.2,72,51.9,0,0,0,4.4,601
5_3_2015,5,3,2015,63,76.8,46,0,0,0,2.4,573
5_4_2015,5,4,2015,68.1,80.7,54.6,0,1,0,5.7,395
5_5_2015,5,5,2015,61.5,70.6,54.9,0,0,3,2.4,413
5_6_2015,5,6,2015,60.9,72.8,51.7,0,0,1,2.6,544
5_7_2015,5,7,2015,63.2,79.7,49,0,3,10,2.9,591
5_8_2015,5,8,2015,70.2,87.6,52.8,0,4,7,2.1,619
5_9_2015,5,9,2015,72.8,84.5,63,0.06,3,0,7.1,497
5_10_2015,5,10,2015,69.4,81.2,65,0.51,7,9,4.1,252
5_11_2015,5,11,2015,69.3,82.5,62,0.27,14,15,5.3,377
5_12_2015,5,12,2015,61.6,68.9,50.9,0.13,5,5,9.1,526
5_13_2015,5,13,2015,48.9,56.4,43.9,0,5,3,7.3,319
5_14_2015,5,14,2015,52.4,64.7,40.9,0,0,0,3.4,638
5_15_2015,5,15,2015,56.8,67.9,44,0.13,3,5,3.5,327
5_16_2015,5,16,2015,65.4,73.9,54.9,0.01,11,13,3,363
5_17_2015,5,17,2015,66.9,79,56.9,0,0,10,2.2,568
5_18_2015,5,18,2015,71.2,81.6,58.9,0.3,7,11,2.8,457
5_19_2015,5,19,2015,64.2,73.5,48,0.01,10,8,7,554
5_20_2015,5,20,2015,47.4,56.3,40.9,0,1,0,7.7,513
5_21_2015,5,21,2015,54.1,64,44.9,0,0,0,2.7,465
5_22_2015,5,22,2015,52.3,58.8,40.2,0,0,0,7.1,476
5_23_2015,5,23,2015,50.6,65.9,33,0,0,0,3.4,663
5_24_2015,5,24,2015,64.6,78.5,44.1,0,0,0,3.5,561
5_25_2015,5,25,2015,70.9,84.3,58.1,0,8,0,3.7,398
5_26_2015,5,26,2015,74.7,81.3,65,0,0,0,4.9,493
5_27_2015,5,27,2015,73.4,82.7,64.8,0.01,3,3,5.6,375
5_28_2015,5,28,2015,66.4,74.9,57.1,0,5,1,5.4,503
5_29_2015,5,29,2015,68.2,79.9,50.9,0,4,6,4.8,602
5_30_2015,5,30,2015,74.2,85.1,66.1,0.39,8,6,5.4,396
5_31_2015,5,31,2015,49.5,65.9,45.9,1.19,24,24,6.1,94
6_1_2015,6,1,2015,50.6,54,46.9,0.18,24,24,4.5,185
6_2_2015,6,2,2015,53,61.9,47,0,11,16,3.8,360
6_3_2015,6,3,2015,55.6,70.6,41.6,0,4,14,2.3,658
6_4_2015,6,4,2015,63.1,74.7,49,0,0,7,5.2,507
6_5_2015,6,5,2015,66.7,77.3,59.9,0.58,5,10,4.6,542
6_6_2015,6,6,2015,56.5,62.7,45.9,0.04,4,8,6.5,653
6_7_2015,6,7,2015,61.8,79.3,41.7,0,0,7,6.6,634
6_8_2015,6,8,2015,68,71.7,64.1,0.59,6,13,6.9,160
6_9_2015,6,9,2015,62.9,70.2,60,0.39,17,23,4.5,236
6_10_2015,6,10,2015,67.5,78.8,56,1.24,5,11,5.5,480
6_11_2015,6,11,2015,66.3,76,59,0.01,1,9,4.4,602
6_12_2015,6,12,2015,67,81.3,57.9,0.47,7,15,4.4,433
6_13_2015,6,13,2015,65.1,76.7,57.1,0.02,10,12,3.2,547
6_14_2015,6,14,2015,66.7,77.5,58,0.83,9,18,3.7,375
6_15_2015,6,15,2015,71.2,78.4,65.7,0.08,11,17,3.5,337
6_16_2015,6,16,2015,70.7,76.5,64,0.27,3,13,5.7,419
6_17_2015,6,17,2015,65,72.9,56.5,0,0,3,2.5,481
6_18_2015,6,18,2015,70.2,77.8,60,0,0,8,3.8,433
6_19_2015,6,19,2015,61.8,70.1,49.9,0,0,11,5.4,451
6_20_2015,6,20,2015,63,75.4,46.9,0,2,12,4.9,436
6_21_2015,6,21,2015,72.2,78.9,65.3,0.01,6,7,5.5,424
6_22_2015,6,22,2015,72,83.7,61,0,0,0,4,607
6_23_2015,6,23,2015,72.7,80,62.9,0.15,3,2,9.3,494
6_24_2015,6,24,2015,66.2,76.2,58,0,0,1,5.8,588
6_25_2015,6,25,2015,66.8,78,58.9,0,2,3,3.3,434
6_26_2015,6,26,2015,64.8,73.8,54.9,0,0,10,4.2,603
6_27_2015,6,27,2015,57.4,63,53.9,1.31,15,22,5.1,95
6_28_2015,6,28,2015,57.6,65.2,53,0.52,21,22,4.6,192
6_29_2015,6,29,2015,62,72.3,55.9,0.02,11,15,4.3,375
6_30_2015,6,30,2015,65.1,75.8,59.9,0.52,10,19,4.2,324
7_1_2015,7,1,2015,65.5,70.9,62,0.35,10,14,5,409
7_2_2015,7,2,2015,63.1,70.9,51.9,0,0,10,4.1,512
7_3_2015,7,3,2015,63.9,74.8,51,0,0,6,3.9,610
7_4_2015,7,4,2015,66.3,76.4,59,0.05,2,12,4,497
7_5_2015,7,5,2015,68.1,81.9,53.9,0,0,10,2.3,600
7_6_2015,7,6,2015,71.3,81.4,59.9,0,0,10,4.6,524
7_7_2015,7,7,2015,74.8,86.6,67.9,0.44,5,14,4.9,514
7_8_2015,7,8,2015,63.3,69.3,57.9,0.02,11,14,4.4,399
7_9_2015,7,9,2015,61.3,66.4,56.9,1.02,13,22,3.7,132
7_10_2015,7,10,2015,67.1,77.9,58.9,0.01,2,10,4.8,630
7_11_2015,7,11,2015,70.4,80.3,60.9,0,0,6,3.7,629
7_12_2015,7,12,2015,70.9,83,58.9,0,0,10,1.4,507
7_13_2015,7,13,2015,73.7,83.9,62.4,0,0,7,3.9,626
7_14_2015,7,14,2015,69.4,77,65.9,0.36,9,14,4.7,261
7_15_2015,7,15,2015,59.4,67,53.9,0,10,13,6.6,385
7_16_2015,7,16,2015,62.1,73.8,50.9,0,0,10,3.1,626
7_17_2015,7,17,2015,65.3,73,53.9,0.05,4,15,4.5,262
7_18_2015,7,18,2015,76,85.2,67,0.26,5,12,5.1,363
7_19_2015,7,19,2015,78.6,86.9,67.9,0,0,6,3.6,458
7_20_2015,7,20,2015,75.2,82.4,67.6,0,0,4,2.9,586
7_21_2015,7,21,2015,69.3,75.5,62.7,0.13,2,1,4.5,380
7_22_2015,7,22,2015,66.7,74.2,60.9,0,0,0,5.7,573
7_23_2015,7,23,2015,66.1,75.8,57,0,0,1,4.2,540
7_24_2015,7,24,2015,68.6,79.7,55.6,0,0,2,3.5,611
7_25_2015,7,25,2015,67.8,77.5,55.9,0.06,3,10,4.1,299
7_26_2015,7,26,2015,72,84,63.9,0.22,7,14,2.8,449
7_27_2015,7,27,2015,74,87.9,61,0,8,12,0.6,590
7_28_2015,7,28,2015,75.3,88.5,61.9,0,0,9,2.1,604
7_29_2015,7,29,2015,77.5,88.9,64,0,0,5,3,547
7_30_2015,7,30,2015,75.5,81,69.9,0.3,4,4,4.9,459
7_31_2015,7,31,2015,73.6,82,64.9,0,0,0,4.6,575
8_1_2015,8,1,2015,69.6,76.8,62.3,0,0,1,4.1,511
8_2_2015,8,2,2015,72,82.7,58,0,0,3,4.2,570
8_3_2015,8,3,2015,72.4,78.6,63.6,0.01,4,2,5,401
8_4_2015,8,4,2015,67.2,74.4,60,0,3,11,3.4,392
8_5_2015,8,5,2015,66.1,72.7,59,0,0,6,4.9,502
8_6_2015,8,6,2015,64.8,75.7,55,0,0,9,3.4,482
8_7_2015,8,7,2015,63.8,75.3,52,0,4,10,3.2,511
8_8_2015,8,8,2015,62.9,72.2,52.1,0,6,10,3.6,340
8_9_2015,8,9,2015,67,82.3,54.1,0,9,11,2.6,542
8_10_2015,8,10,2015,69.6,79.5,60,0.31,5,13,6.2,360
8_11_2015,8,11,2015,69.1,76.1,65.4,0.34,11,14,5.6,343
8_12_2015,8,12,2015,65.4,71.6,60,0,5,8,5.3,387
8_13_2015,8,13,2015,66.1,76.4,54.6,0,0,2,3.1,555
8_14_2015,8,14,2015,71.8,82.8,61,0,2,11,3.2,394
8_15_2015,8,15,2015,72.6,82,66.8,0.02,5,14,1.7,420
8_16_2015,8,16,2015,74.9,87.2,62.4,0,6,12,1.2,517
8_17_2015,8,17,2015,75.8,88.1,63.2,0,0,11,1.9,498
8_18_2015,8,18,2015,72.4,87,64.9,0.63,9,16,2.7,340
8_19_2015,8,19,2015,75.5,84,67.9,0.03,9,9,6.2,394
8_20_2015,8,20,2015,72.2,79.2,63,0.9,8,8,7.8,201
8_21_2015,8,21,2015,64.7,72.9,57.5,0.01,0,12,3.3,434
8_22_2015,8,22,2015,64.2,74.8,55.9,0,0,13,3.3,389
8_23_2015,8,23,2015,65.8,77.6,54,0,7,8,2.6,489
8_24_2015,8,24,2015,66.5,76.1,60.5,0,0,8,3.2,277
8_25_2015,8,25,2015,63.3,70.5,56,0,0,7,2.2,266
8_26_2015,8,26,2015,62.3,70.3,56,0,0,6,2.4,229
8_27_2015,8,27,2015,60.7,67,55,0,0,8,3.5,268
8_28_2015,8,28,2015,62.4,75.1,52.2,0,1,13,2,392
8_29_2015,8,29,2015,64.7,76.8,52.9,0,14,13,2,341
8_30_2015,8,30,2015,69.7,80.3,63,0,9,15,1,285
8_31_2015,8,31,2015,71.7,81.7,63.7,0,12,13,2.9,366
9_1_2015,9,1,2015,71.3,84.7,61.1,0,12,15,1,318
9_2_2015,9,2,2015,73,85.3,62,0,15,14,1.7,351
9_3_2015,9,3,2015,74.1,85.4,65.8,0,12,14,2.3,383
9_4_2015,9,4,2015,70.3,83,62,0,13,14,1.8,338
9_5_2015,9,5,2015,73.8,84,63,0,8,10,5.5,401
9_6_2015,9,6,2015,74,85.9,63.9,0,13,13,3.3,409
9_7_2015,9,7,2015,77.5,88.6,65.9,0,8,8,2.5,396
9_8_2015,9,8,2015,77.8,89.9,67.1,0,0,4,1.8,366
9_9_2015,9,9,2015,72.8,85.3,63.9,0.15,3,7,4.5,260
9_10_2015,9,10,2015,64.7,72.7,56.2,0,0,12,2.7,225
9_11_2015,9,11,2015,64.4,76.7,56,0,0,12,3.5,398
9_12_2015,9,12,2015,59.3,60,57.9,0.89,19,24,2.9,47
9_13_2015,9,13,2015,55.2,60,51.9,0.11,14,17,6.7,103
9_14_2015,9,14,2015,59.8,70.1,51.9,0.04,2,3,6.3,374
9_15_2015,9,15,2015,66.1,79.6,52.3,0,0,8,2.3,389
9_16_2015,9,16,2015,68.5,83,56.5,0,0,13,1.1,392
9_17_2015,9,17,2015,68,83.9,56.9,0,7,14,1.1,347
9_18_2015,9,18,2015,69.2,83,56,0,1,8,2.7,356
9_19_2015,9,19,2015,68,74.9,58.9,0.64,5,7,5.5,122
9_20_2015,9,20,2015,57,65.9,46.9,0,5,11,4,345
9_21_2015,9,21,2015,55,65.9,42.9,0.01,9,9,2.4,335
9_22_2015,9,22,2015,59.6,72,50.7,0,0,9,2.2,272
9_23_2015,9,23,2015,59.4,74.6,45.9,0,3,13,1.8,362
9_24_2015,9,24,2015,61.6,75,49.9,0,3,12,1.9,332
9_25_2015,9,25,2015,60.5,75.1,49.9,0,3,10,2,294
9_26_2015,9,26,2015,59.3,71.9,48.9,0,0,12,1.6,297
9_27_2015,9,27,2015,62.6,74,52.9,0,0,6,7,311
9_28_2015,9,28,2015,64.2,69,58.3,0.04,8,17,4.6,134
9_29_2015,9,29,2015,65.9,70.6,60.9,1.38,17,24,3.8,73
9_30_2015,9,30,2015,53.2,59.6,50,0.94,16,22,8.1,36
10_1_2015,10,1,2015,47.6,53.2,42,0,0,2,7.9,295
10_2_2015,10,2,2015,43.8,49,38.7,0,0,5,5.9,147
10_3_2015,10,3,2015,44.8,50.9,38.6,0,8,6,4.9,130
10_4_2015,10,4,2015,51.6,62.9,43.9,0,2,12,3.5,317
10_5_2015,10,5,2015,53.7,66.5,43.1,0,0,9,2.8,293
10_6_2015,10,6,2015,55.5,60.1,51.9,0,4,11,1.8,103
10_7_2015,10,7,2015,57.7,67.8,49,0.01,15,14,2.9,238
10_8_2015,10,8,2015,54.3,64.4,46.9,0,2,8,2.3,263
10_9_2015,10,9,2015,56.2,63,44.9,0.81,16,20,5.4,68
10_10_2015,10,10,2015,48.3,58.5,41,0.01,0,13,2.4,315
10_11_2015,10,11,2015,55.5,74,41,0,0,7,3.2,301
10_12_2015,10,12,2015,61.7,76,48.9,0,0,1,5.4,297
10_13_2015,10,13,2015,58.2,67.4,55,0.09,8,4,6.3,145
10_14_2015,10,14,2015,50.8,56,42.9,0,1,2,3.8,90
10_15_2015,10,15,2015,50.5,64.3,38,0.05,5,9,4.3,279
10_16_2015,10,16,2015,47.9,57.6,40.9,0.11,12,9,4.7,212
10_17_2015,10,17,2015,37.4,45.3,31,0.01,0,5,5.1,222
10_18_2015,10,18,2015,34.4,42,29.5,0.01,6,12,3.5,183
10_19_2015,10,19,2015,43,55.9,28.9,0,1,7,4.2,271
10_20_2015,10,20,2015,57.8,65.3,49.9,0,6,0,2.9,93
10_21_2015,10,21,2015,57.2,64.9,51.9,0,4,5,1,127
10_22_2015,10,22,2015,57,65.1,47,0.05,4,0,3.7,77
10_23_2015,10,23,2015,41,49.7,31,0,0,4,3.1,253
10_24_2015,10,24,2015,44.4,51,32.5,0.16,0,8,9.2,52
10_25_2015,10,25,2015,49.2,52.6,42.7,0.1,5,9,7,137
10_26_2015,10,26,2015,38.9,51.1,29.9,0,0,11,1.3,261
10_27_2015,10,27,2015,40.7,54.3,27.9,0,0,10,2,190
10_28_2015,10,28,2015,52,59,45.9,0.43,8,19,10,42
10_29_2015,10,29,2015,51.7,58.9,45,0.19,8,9,6.2,166
10_30_2015,10,30,2015,42.1,48.8,30.7,0.01,2,6,4.8,176
10_31_2015,10,31,2015,41.2,51.9,28.1,0,0,10,3,159
11_1_2015,11,1,2015,53.1,63.2,46,0.04,0,3,6,167
11_2_2015,11,2,2015,50.1,61.1,42.9,0,0,9,1.6,229
11_3_2015,11,3,2015,54.1,72,41.3,0,0,12,2.2,218
11_4_2015,11,4,2015,58.6,76.9,42.9,0,0,8,4,221
11_5_2015,11,5,2015,62,68.5,54.6,0,0,0,4.3,100
11_6_2015,11,6,2015,62.3,70.9,52,0.02,2,0,7.1,67
11_7_2015,11,7,2015,47.1,52.1,39.9,0.01,7,3,3.3,115
11_8_2015,11,8,2015,41.1,51,32.9,0,0,7,3.8,188
11_9_2015,11,9,2015,41.7,55.9,26.9,0,0,8,2.4,222
11_10_2015,11,10,2015,49.4,53,47.9,0.82,12,12,2.1,41
11_11_2015,11,11,2015,49.2,52.5,45.8,0.01,11,21,3.2,57
11_12_2015,11,12,2015,50.8,57.9,44,0.08,3,10,10,131
11_13_2015,11,13,2015,42.7,48.9,36.9,0.1,10,4,9.3,51
11_14_2015,11,14,2015,36.5,40,32,0.03,10,6,6.5,79
11_15_2015,11,15,2015,45.4,59.9,29,0,0,7,3.2,181
11_16_2015,11,16,2015,44.6,57,32.9,0,0,7,1.8,175
11_17_2015,11,17,2015,39.7,52,24.7,0,0,6,4.9,193
11_18_2015,11,18,2015,50.6,57.9,42.1,0,0,0,13,136
11_19_2015,11,19,2015,58.2,63,49.9,0,0,3,10.4,91
11_20_2015,11,20,2015,39,47.6,27.2,0,0,2,4,160
11_21_2015,11,21,2015,39.1,44.9,28.9,0,0,2,6.1,97
11_22_2015,11,22,2015,36.8,47.2,26.9,0,0,0,7.6,130
11_23_2015,11,23,2015,27.1,33.6,22.9,0,0,14,4.1,106
11_24_2015,11,24,2015,32.3,39,25.9,0,0,3,2.7,66
11_25_2015,11,25,2015,37.4,47.9,23.4,0,0,8,6.1,183
11_26_2015,11,26,2015,46.9,56,39.9,0,0,0,9.9,124
11_27_2015,11,27,2015,52.8,62.9,40.9,0.08,5,5,7,50
11_28_2015,11,28,2015,34.1,38.9,31,0.08,20,23,2.7,31
11_29_2015,11,29,2015,30.4,35.8,24.9,0,0,8,2,73
11_30_2015,11,30,2015,32.3,40,19.9,0,0,7,2.9,185
12_1_2015,12,1,2015,43.8,48.9,36.9,0.13,0,22,8.2,21
12_2_2015,12,2,2015,43.1,47.8,37.9,0.64,21,24,2.8,10
12_3_2015,12,3,2015,38.1,41.4,36.9,0.04,12,18,6.4,91
12_4_2015,12,4,2015,39,42,36.9,0,0,1,3.7,15
12_5_2015,12,5,2015,37.3,46,28.9,0,0,9,0.9,78
12_6_2015,12,6,2015,34.6,46,22.9,0,5,13,0.8,146
12_7_2015,12,7,2015,34.2,39.3,25.9,0,0,11,1.2,56
12_8_2015,12,8,2015,36.6,42.9,31.7,0,0,6,1.9,135
12_9_2015,12,9,2015,40.3,49.2,32.9,0,0,9,6.5,154
12_10_2015,12,10,2015,45.8,55,37,0.01,0,9,4.8,127
12_11_2015,12,11,2015,50.5,59.9,41.9,0,0,2,6.4,133
12_12_2015,12,12,2015,43.5,49.9,32.9,0,0,9,1.1,56
12_13_2015,12,13,2015,46.9,54,41.9,0,0,24,1.7,44
12_14_2015,12,14,2015,56.2,62,51,0.13,2,16,7.3,65
12_15_2015,12,15,2015,45.9,51.9,38.9,0.01,0,0,9.5,13
12_16_2015,12,16,2015,39.3,44,34.9,0,0,11,5.7,50
12_17_2015,12,17,2015,44.4,47.2,38.8,0.2,6,13,7.5,13
12_18_2015,12,18,2015,33.8,37.9,29.1,0,0,0,4.8,50
12_19_2015,12,19,2015,27.2,29.9,24.9,0.01,0,0,10.6,93
12_20_2015,12,20,2015,31.9,39.6,26.9,0,0,0,6.9,150
12_21_2015,12,21,2015,43.9,50,33.5,0,0,0,7.4,19
12_22_2015,12,22,2015,47.6,55.5,43.5,0.42,5,22,3.4,44
12_23_2015,12,23,2015,49.7,57.9,41.6,0.05,0,24,5.6,44
12_24_2015,12,24,2015,56.5,64.7,38.8,0,0,6,7,112
12_25_2015,12,25,2015,42.2,52,36,0,0,3,2.2,78
12_26_2015,12,26,2015,37.2,43,27.9,0.05,0,14,2.9,76
12_27_2015,12,27,2015,40.1,48,31.9,0.42,13,24,6.2,16
12_28_2015,12,28,2015,25.4,32.6,21.6,0,3,10,7.9,77
12_29_2015,12,29,2015,36.7,42,28.9,0.35,6,22,9.1,37
12_30_2015,12,30,2015,38.6,43.6,34.9,0.05,7,14,2.8,86
12_31_2015,12,31,2015,32.6,36,29.9,0.07,10,23,4.9,26
1_1_2016,1,1,2016,27.2,30,20.9,0,6,14,5.1,47
1_2_2016,1,2,2016,27.2,31,22.4,0,0,3,5,28
1_3_2016,1,3,2016,29.5,35,19.9,0.04,0,3,7.7,43
1_4_2016,1,4,2016,10.1,18,7.9,0,0,21,10.2,71
1_5_2016,1,5,2016,14.3,23.3,9.1,0,0,17,2.3,183
1_6_2016,1,6,2016,24.4,38.1,13.9,0,0,2,3.1,179
1_7_2016,1,7,2016,26.6,39.8,16.9,0,0,4,0.8,173
1_8_2016,1,8,2016,29.2,36.9,18.9,0.01,0,15,7.1,103
1_9_2016,1,9,2016,40.7,43.8,36.4,0,0,16,10.7,51
1_10_2016,1,10,2016,40.4,49.9,24.3,0.58,11,14,10,42
1_11_2016,1,11,2016,18.9,23.5,14.6,0,0,0,10.5,179
1_12_2016,1,12,2016,21.6,30.6,13,0,0,5,10.9,95
1_13_2016,1,13,2016,16.9,19.9,13.9,0,0,0,9.8,192
1_14_2016,1,14,2016,19.7,23.9,14,0,0,21,3.3,57
1_15_2016,1,15,2016,35.9,45,21.9,0.02,0,9,4,102
1_16_2016,1,16,2016,33.8,39,26.9,0.16,7,6,7.4,41
1_17_2016,1,17,2016,26.3,31.7,13.1,0,0,2,4.1,50
1_18_2016,1,18,2016,14.4,18.6,11.9,0,0,6,10.9,186
1_19_2016,1,19,2016,16.1,21,11,0,0,7,12.7,131
1_20_2016,1,20,2016,21.5,25,19.9,0,0,17,5.9,124
1_21_2016,1,21,2016,17.6,23.5,8.1,0,0,21,5.4,124
1_22_2016,1,22,2016,12.9,24.7,3.9,0,0,17,0.9,147
1_23_2016,1,23,2016,16.5,22.3,10.3,0,0,18,5.3,119
1_24_2016,1,24,2016,19.7,26.4,10.9,0,0,10,3.5,135
1_25_2016,1,25,2016,29.6,36.1,19.2,0,0,2,6.2,105
1_26_2016,1,26,2016,38.2,52.9,33,0,0,0,10.5,128
1_27_2016,1,27,2016,30.1,34,26.9,0.01,16,5,6.2,96
1_28_2016,1,28,2016,30.2,38.6,21.9,0,0,0,7.7,94
1_29_2016,1,29,2016,25.8,33.9,19.9,0,4,4,9.2,84
1_30_2016,1,30,2016,31.7,45.9,16.9,0,0,5,7.2,109
1_31_2016,1,31,2016,45.9,55.2,36.7,0,0,0,7,78
2_1_2016,2,1,2016,40.6,52.9,29.8,0.01,2,1,6.3,100
2_2_2016,2,2,2016,35.6,41,29.9,0,0,2,3.8,155
2_3_2016,2,3,2016,44.6,50.9,36.3,0.46,3,8,12.5,41
2_4_2016,2,4,2016,36.5,40.9,31,0,0,0,5,87
2_5_2016,2,5,2016,28.4,33.7,25.9,0,0,3,5.7,121
2_6_2016,2,6,2016,31.6,39,24,0,0,0,5.1,154
2_7_2016,2,7,2016,34.5,44.5,25.2,0,0,1,3.1,223
2_8_2016,2,8,2016,34,38.4,30,0,0,6,3.8,109
2_9_2016,2,9,2016,31.9,37.9,28.9,0.05,11,18,4.4,87
2_10_2016,2,10,2016,26.1,32,16,0.01,1,6,9.5,89
2_11_2016,2,11,2016,10.5,15,8.9,0,0,3,11.5,185
2_12_2016,2,12,2016,16,23.7,8.9,0,0,3,8.4,221
2_13_2016,2,13,2016,0.3,14.9,-5,0,0,11,15.9,150
2_14_2016,2,14,2016,-3.5,8.1,-14,0,0,9,2.4,224
2_15_2016,2,15,2016,14.5,23,1.9,0,0,5,11,82
2_16_2016,2,16,2016,28.2,31.2,22.9,1.15,9,24,1.4,40
2_17_2016,2,17,2016,26.2,31.4,17.8,0.08,0,20,3,173
2_18_2016,2,18,2016,14.1,23.3,5.9,0.02,0,15,3.4,337
2_19_2016,2,19,2016,23.1,33,6.7,0,2,6,13.5,99
2_20_2016,2,20,2016,45.6,56.1,32.7,0.27,0,0,9.5,227
2_21_2016,2,21,2016,36,40.9,28.9,0,0,6,3.6,86
2_22_2016,2,22,2016,22.8,30.9,14.4,0,0,5,2.8,246
2_23_2016,2,23,2016,27.9,43,12.6,0,0,14,3.9,258
2_24_2016,2,24,2016,34.4,46,30.9,0.88,24,24,4.6,32
2_25_2016,2,25,2016,34.6,46.9,22.9,0.18,17,23,7.1,86
2_26_2016,2,26,2016,19.6,23,13.9,0,0,2,10.6,313
2_27_2016,2,27,2016,29.8,40,17,0,0,4,6.2,205
2_28_2016,2,28,2016,49.3,61.9,37.9,0,0,0,6.5,253
2_29_2016,2,29,2016,41.9,55.8,21.9,0,3,1,12.3,239
3_1_2016,3,1,2016,23.6,29,17.9,0,0,3,5.9,180
3_2_2016,3,2,2016,21.6,30.2,16.9,0,4,6,12.3,231
3_3_2016,3,3,2016,19.3,24.9,14,0,0,0,5,229
3_4_2016,3,4,2016,21.8,32.2,17,0,0,8,3,148
3_5_2016,3,5,2016,23.4,29.9,14.3,0,0,9,2.7,202
3_6_2016,3,6,2016,28.4,38.4,15.7,0,6,8,2.1,332
3_7_2016,3,7,2016,43,53.9,32.9,0,0,1,4.4,142
3_8_2016,3,8,2016,48.9,63.7,32,0,0,8,2.2,177
3_9_2016,3,9,2016,61.8,72.8,48.1,0,3,0,5.2,212
3_10_2016,3,10,2016,55.3,61.9,46,0.42,22,22,3.7,54
3_11_2016,3,11,2016,37.7,46,29.2,0.02,13,18,5.4,166
3_12_2016,3,12,2016,46.1,63.7,27.9,0,3,8,4,335
3_13_2016,3,13,2016,45.1,51.3,39.7,0,0,0,3.9,202
3_14_2016,3,14,2016,43.8,48,40,0.11,7,10,14.5,111
3_15_2016,3,15,2016,45.6,49,42.9,0.01,6,24,7.2,72
3_16_2016,3,16,2016,48.2,57,42.3,0.01,17,15,5.4,123
3_17_2016,3,17,2016,48,54.4,40,0,2,0,8.5,276
3_18_2016,3,18,2016,36.3,41.9,30,0.01,6,10,6.3,71
3_19_2016,3,19,2016,26.4,34.2,20.9,0,0,3,4,428
3_20_2016,3,20,2016,27.7,41.3,15.4,0,0,3,2.5,360
3_21_2016,3,21,2016,30.2,36.1,23.9,0,0,0,8.3,305
3_22_2016,3,22,2016,39.2,49.9,24.9,0,1,1,4.5,267
3_23_2016,3,23,2016,39.8,55.3,30.9,0.09,13,16,4.8,48
3_24_2016,3,24,2016,43.1,62,30.9,0.02,14,14,5.4,183
3_25_2016,3,25,2016,38.4,50,29.9,0.19,7,7,8.4,104
3_26_2016,3,26,2016,35.9,48.5,28.9,0,0,4,2.3,372
3_27_2016,3,27,2016,46.1,60,28,0,0,5,8.4,397
3_28_2016,3,28,2016,45.5,54.9,36.9,0.29,9,16,13.6,153
3_29_2016,3,29,2016,35.1,41.2,30.9,0,1,0,10.6,452
3_30_2016,3,30,2016,44.8,63,25.2,0,0,0,8.2,407
3_31_2016,3,31,2016,58.5,68.1,51.3,0.01,0,0,10.1,71
4_1_2016,4,1,2016,54.8,62.6,40,0.08,5,3,9.8,267
4_2_2016,4,2,2016,38.3,45.7,31.9,0.02,7,10,6,259
4_3_2016,4,3,2016,23.6,29.3,19.9,0,1,15,10.9,312
4_4_2016,4,4,2016,22,24,17.9,0,10,15,7.2,144
4_5_2016,4,5,2016,22.5,32,12.4,0.13,0,5,3.4,504
4_6_2016,4,6,2016,32.3,44.9,18.1,0.01,0,0,9,168
4_7_2016,4,7,2016,44.9,51.9,34.9,0.1,4,4,9,137
4_8_2016,4,8,2016,31.2,35.5,25.9,0.01,2,4,8,156
4_9_2016,4,9,2016,28.1,33.1,23.9,0,0,5,7.6,338
4_10_2016,4,10,2016,29.6,37.9,20.6,0,0,3,6.1,303
4_11_2016,4,11,2016,46.7,54,35.4,0.15,9,6,9.4,38
4_12_2016,4,12,2016,37.9,47.4,30,0.11,11,7,7.3,238
4_13_2016,4,13,2016,35.2,44.5,27.9,0,2,2,3.7,379
4_14_2016,4,14,2016,39.5,54.4,24.6,0,0,7,2.3,462
4_15_2016,4,15,2016,45.7,63.4,27.3,0,0,2,3.2,459
4_16_2016,4,16,2016,50.5,67.7,34.5,0,0,0,2.9,436
4_17_2016,4,17,2016,55.1,71.9,36.5,0,0,0,3.4,440
4_18_2016,4,18,2016,59.5,73.5,38.9,0,0,0,4.8,414
4_19_2016,4,19,2016,49.7,60,42,0,0,5,7.3,379
4_20_2016,4,20,2016,49.4,63.9,37,0,0,0,3.2,451
4_21_2016,4,21,2016,55.8,74.6,37.9,0.01,5,0,4.1,318
4_22_2016,4,22,2016,59.1,68,49.5,0.02,8,6,4.6,148
4_23_2016,4,23,2016,43.3,51.1,33.9,0,6,7,6.8,380
4_24_2016,4,24,2016,44.7,56.4,34,0,0,0,3.6,413
4_25_2016,4,25,2016,46.3,51.2,40.6,0.06,5,1,4.1,220
4_26_2016,4,26,2016,38,42,32.9,0.44,13,21,5.9,98
4_27_2016,4,27,2016,42.6,55.9,27.6,0,0,8,4.4,234
4_28_2016,4,28,2016,42.3,52.7,31.9,0,0,0,4.1,161
4_29_2016,4,29,2016,44.2,51.5,38.9,0.03,9,5,1.9,60
4_30_2016,4,30,2016,51.3,61.1,42.9,0,3,7,2.5,174
5_1_2016,5,1,2016,48.5,53,43.9,0.22,15,19,6.6,50
5_2_2016,5,2,2016,44.9,47.9,40.9,0.54,15,24,3.7,58
5_3_2016,5,3,2016,46.8,56.3,36.2,0,6,12,1.3,119
5_4_2016,5,4,2016,53.4,64.5,42.1,0,0,11,2.6,136
5_5_2016,5,5,2016,52.6,58.8,46.9,0,0,7,6,145
5_6_2016,5,6,2016,51.3,58.3,44.9,0.09,3,8,6.5,110
5_7_2016,5,7,2016,56.3,66.6,46.4,0.03,9,8,5.2,204
5_8_2016,5,8,2016,49.2,55.1,42.9,0.02,3,2,8.4,171
5_9_2016,5,9,2016,47.9,57,38.3,0.01,0,0,5.5,228
5_10_2016,5,10,2016,50.3,64.5,34.3,0,0,1,2.5,218
5_11_2016,5,11,2016,53.9,72.2,35.1,0,0,2,2.6,198
5_12_2016,5,12,2016,63,79.6,41.9,0,0,0,5.2,198
5_13_2016,5,13,2016,63,69,56.2,0.29,4,6,6.9,176
5_14_2016,5,14,2016,53.2,62.5,43.9,0.04,2,4,7.3,85
5_15_2016,5,15,2016,40.9,45.4,37,0,1,0,10,133
5_16_2016,5,16,2016,48.7,61.1,34.9,0,1,0,8.4,216
5_17_2016,5,17,2016,51.8,62.2,42.2,0,1,0,4.1,119
5_18_2016,5,18,2016,50.2,59.8,39.9,0,0,3,4.7,212
5_19_2016,5,19,2016,53.5,67.7,36,0,0,7,3.9,195
5_20_2016,5,20,2016,60.6,74.7,48.9,0,0,0,2.8,224
5_21_2016,5,21,2016,56.9,68.7,50,0,3,0,3.3,96
5_22_2016,5,22,2016,59.2,69.5,49.9,0.01,8,9,4.1,146
5_23_2016,5,23,2016,65.9,77.4,53.9,0,1,0,4.6,238
5_24_2016,5,24,2016,68.7,79.9,57.9,0,0,0,6.3,231
5_25_2016,5,25,2016,72.4,83,59,0,0,0,5.1,177
5_26_2016,5,26,2016,70.7,83.9,56,0,1,4,3.7,275
5_27_2016,5,27,2016,74.6,83.8,65.9,0,3,3,3.5,360
5_28_2016,5,28,2016,77.5,89.4,64.1,0,0,3,3.5,356
5_29_2016,5,29,2016,71.3,82.6,62.9,0.41,9,11,3.8,212
5_30_2016,5,30,2016,71.4,81.1,62.7,0,2,7,5.4,421
5_31_2016,5,31,2016,68.4,80.7,55.5,0,0,4,4.7,418
6_1_2016,6,1,2016,64,79,49,0,0,2,3.6,433
6_2_2016,6,2,2016,68.4,72.9,64,0.02,2,5,5.6,159
6_3_2016,6,3,2016,69,79.1,58,0,2,7,3.3,421
6_4_2016,6,4,2016,68.8,80.6,54.5,0,0,5,2.9,406
6_5_2016,6,5,2016,67.2,72.9,62.9,0.23,14,14,5.8,121
6_6_2016,6,6,2016,68.1,76,57,0,0,0,7,434
6_7_2016,6,7,2016,61.4,69.3,54,0.06,7,8,7.2,337
6_8_2016,6,8,2016,52.2,55.7,47.6,0.03,5,1,8.7,156
6_9_2016,6,9,2016,55.6,65.3,46.1,0,0,0,9.2,437
6_10_2016,6,10,2016,59.1,71,47.9,0,0,0,6.4,429
6_11_2016,6,11,2016,69.3,84.2,49.1,0.03,4,0,7.2,282
6_12_2016,6,12,2016,62.9,76.7,53.2,0,0,0,12,332
6_13_2016,6,13,2016,55.6,62,50.9,0,0,0,8,162
6_14_2016,6,14,2016,59,72.5,46.2,0,0,0,4.5,466
6_15_2016,6,15,2016,65.3,79.8,46,0.01,1,1,3.5,404
6_16_2016,6,16,2016,68.9,79,57.9,0.05,8,7,3.7,357
6_17_2016,6,17,2016,68.7,82.6,53,0,0,2,2.3,443
6_18_2016,6,18,2016,71.8,85.6,55,0,0,0,2.8,446
6_19_2016,6,19,2016,74.4,88.2,56.9,0,0,0,3.6,448
6_20_2016,6,20,2016,77.5,88.4,62.7,0,1,0,6,378
6_21_2016,6,21,2016,67.7,76,59.9,0.06,3,1,5.6,411
6_22_2016,6,22,2016,64.9,73.2,56,0,0,0,5.7,378
6_23_2016,6,23,2016,64.8,78,52.3,0,0,0,4,376
6_24_2016,6,24,2016,65.6,79.7,48,0,0,3,3.4,441
6_25_2016,6,25,2016,70.6,85,53,0,0,2,2.3,420
6_26_2016,6,26,2016,77.7,90,61.9,0,0,3,6.3,400
6_27_2016,6,27,2016,75.5,86.2,65.9,0.08,6,5,5.2,302
6_28_2016,6,28,2016,70.2,80.9,61.3,0,0,2,5,340
6_29_2016,6,29,2016,65.2,74.9,58.9,0.08,4,3,4.8,239
6_30_2016,6,30,2016,68.1,80.8,53.4,0,0,3,2.8,400
7_1_2016,7,1,2016,66.7,78.6,54.7,0,3,1,6,256
7_2_2016,7,2,2016,65.7,74.3,54.9,0,0,0,7.4,350
7_3_2016,7,3,2016,69.2,78.3,58.2,0,0,0,4.6,355
7_4_2016,7,4,2016,71.6,83.7,53,0,0,0,4.9,406
7_5_2016,7,5,2016,75.1,85.5,63.9,0,0,6,3.1,312
7_6_2016,7,6,2016,78,90.2,65.6,0,0,2,2.8,355
7_7_2016,7,7,2016,77.3,87.5,69.9,0,3,2,3.7,250
7_8_2016,7,8,2016,73.6,83.4,65,0,6,8,2.7,201
7_9_2016,7,9,2016,72.8,80.4,65.9,0,9,6,5.3,270
7_10_2016,7,10,2016,65.6,75.9,57.9,0.02,11,14,6.3,259
7_11_2016,7,11,2016,66.7,79.3,53.9,0,4,8,2.6,346
7_12_2016,7,12,2016,73.7,90,58,0,0,6,3.2,296
7_13_2016,7,13,2016,80.2,92.4,71.6,0,0,1,5.8,360
7_14_2016,7,14,2016,78.2,85.4,71,0,0,6,6.7,300
7_15_2016,7,15,2016,76,83.9,67.1,0,0,0,5.6,328
7_16_2016,7,16,2016,67.8,78.5,58.5,0,1,3,3.7,283
7_17_2016,7,17,2016,70.5,83.5,56.1,0,8,7,2.3,330
7_18_2016,7,18,2016,73.6,78.7,63.9,0.41,9,3,5.4,210
7_19_2016,7,19,2016,67,75.3,57.9,0,0,0,5.3,331
7_20_2016,7,20,2016,68.1,80.5,57,0,0,1,4.3,375
7_21_2016,7,21,2016,74.1,89.4,53.9,0,0,4,2.9,364
7_22_2016,7,22,2016,80.9,87.5,75.4,0,0,0,6.9,319
7_23_2016,7,23,2016,78.1,86.3,70,0,0,0,6.2,354
7_24_2016,7,24,2016,73.5,84.9,61,0,0,7,2,270
7_25_2016,7,25,2016,72.7,80.8,66.6,0.56,6,10,3.2,141
7_26_2016,7,26,2016,72.7,83.6,65.1,0,0,7,4.3,356
7_27_2016,7,27,2016,75.3,86.9,60,0,0,4,2.7,356
7_28_2016,7,28,2016,74.3,84.9,64,0,0,4,2.1,241
7_29_2016,7,29,2016,73.1,82.9,62.9,0,0,7,4.1,334
7_30_2016,7,30,2016,67.8,74,59.9,0.02,3,3,2.2,173
7_31_2016,7,31,2016,70.3,76.2,63,0,2,11,3.1,168
8_1_2016,8,1,2016,71.5,81.3,62.9,0,7,11,3.1,244
8_2_2016,8,2,2016,72.5,83.5,64.1,0,7,11,3.2,303
8_3_2016,8,3,2016,73.5,82.2,64,0,0,7,6.4,324
8_4_2016,8,4,2016,77,88,64,0,0,5,4.8,345
8_5_2016,8,5,2016,79.2,88.2,69,0,0,0,6.6,262
8_6_2016,8,6,2016,74.3,81.1,64.9,0.05,6,4,5.3,310
8_7_2016,8,7,2016,71.9,81.9,63.9,0,0,0,5.4,311
8_8_2016,8,8,2016,70.9,82.9,57.9,0,0,3,3.2,344
8_9_2016,8,9,2016,74.8,88.6,57,0,0,0,6.4,319
8_10_2016,8,10,2016,78.1,89.9,68.9,0.22,6,8,3.7,239
8_11_2016,8,11,2016,80.1,91.6,71,0,1,8,3.2,267
8_12_2016,8,12,2016,81.1,90.5,71,0,1,6,4.5,254
8_13_2016,8,13,2016,80.4,94.3,71.3,0.3,7,7,4.9,228
8_14_2016,8,14,2016,74.5,80.4,68.9,0.01,2,11,3.4,155
8_15_2016,8,15,2016,71.6,80.4,65.9,0,0,11,2.7,154
8_16_2016,8,16,2016,74.8,87.6,67.9,0.22,9,14,5.8,146
8_17_2016,8,17,2016,71.4,80.5,64,0,0,4,4.1,257
8_18_2016,8,18,2016,72,81.8,63.8,0,1,8,3.4,227
8_19_2016,8,19,2016,72.8,86.2,60.5,0,0,8,3.1,310
8_20_2016,8,20,2016,76.2,87.1,65.2,0.27,2,0,5.6,258
8_21_2016,8,21,2016,70.4,76,63.9,0.83,7,7,5.3,97
8_22_2016,8,22,2016,64.7,72.4,55.9,0,0,8,4.6,263
8_23_2016,8,23,2016,67.9,81.8,55.7,0,0,6,3.6,271
8_24_2016,8,24,2016,72.4,86.7,56.1,0,0,7,4.2,288
8_25_2016,8,25,2016,75,85.2,68,0.15,5,7,3.7,163
8_26_2016,8,26,2016,74.9,84.3,65.9,0,0,12,4.2,275
8_27_2016,8,27,2016,72.3,82.5,62.9,0,0,10,2.8,280
8_28_2016,8,28,2016,77.7,90.5,66.8,0,1,7,4.6,247
8_29_2016,8,29,2016,70.4,79.6,57.9,0,0,7,4.1,251
8_30_2016,8,30,2016,68.3,81.9,54.7,0,4,8,3.1,261
8_31_2016,8,31,2016,69,77.9,64.9,0.17,10,14,2.6,139
9_1_2016,9,1,2016,66.8,72.8,59.9,0,0,5,5.3,231
9_2_2016,9,2,2016,62.7,72.2,51.9,0,0,12,4.2,252
9_3_2016,9,3,2016,59.5,73.2,47.1,0,6,12,2.6,280
9_4_2016,9,4,2016,64.3,79.4,48.1,0,0,11,2.6,260
9_5_2016,9,5,2016,68.7,85.1,55,0,5,8,2.1,264
9_6_2016,9,6,2016,71.8,85.7,58,0,0,2,2.9,254
9_7_2016,9,7,2016,74.7,88.4,61.9,0.01,5,10,2.5,202
9_8_2016,9,8,2016,76.6,89.1,69.9,0.28,14,14,3.8,190
9_9_2016,9,9,2016,74.4,83.4,66.6,0,2,11,2.2,152
9_10_2016,9,10,2016,77,88.3,64,0,4,9,5.8,201
9_11_2016,9,11,2016,65.2,75,53.9,0.12,4,1,6.1,249
9_12_2016,9,12,2016,62.5,77,48.9,0,0,8,2.2,204
9_13_2016,9,13,2016,68.3,84,54,0,0,5,3.6,238
9_14_2016,9,14,2016,65.4,72.5,52.3,0,0,4,4.8,138
9_15_2016,9,15,2016,56.7,70.2,43.9,0,4,8,1.9,242
9_16_2016,9,16,2016,62,77.1,45.9,0,10,8,5.8,231
9_17_2016,9,17,2016,68.5,75.9,60,0.76,4,4,7.7,98
9_18_2016,9,18,2016,70.3,79.7,63.9,0.55,15,15,3.5,179
9_19_2016,9,19,2016,69.5,82.4,61.9,0.01,9,13,2,210
9_20_2016,9,20,2016,70.4,84,57,0,1,10,3.4,222
9_21_2016,9,21,2016,66.6,79,55.7,0,0,0,3.3,218
9_22_2016,9,22,2016,69.2,84.4,55,0,0,3,3.2,214
9_23_2016,9,23,2016,62.4,71.4,55.9,0,2,10,4.3,43
9_24_2016,9,24,2016,54,65.1,45.9,0,4,8,3.2,189
9_25_2016,9,25,2016,52.1,64,39.9,0,2,6,2,223
9_26_2016,9,26,2016,58.9,72.2,43.7,0.02,4,7,7.7,142
9_27_2016,9,27,2016,59.6,70.9,50.9,0,4,7,4,209
9_28_2016,9,28,2016,60.4,73,46,0,1,0,6.2,197
9_29_2016,9,29,2016,55.9,60,52.3,0.24,13,14,5.4,84
9_30_2016,9,30,2016,54.8,61.4,50.9,0.07,13,9,5.4,98
10_1_2016,10,1,2016,56.3,61,50.9,0.86,18,21,4.6,84
10_2_2016,10,2,2016,61,70.9,54.3,0.24,13,17,4,161
10_3_2016,10,3,2016,59.1,66.9,53.9,0.05,15,20,3.9,121
10_4_2016,10,4,2016,58.5,65,53,0,0,16,2.8,105
10_5_2016,10,5,2016,58.8,70,49.9,0,2,10,4.3,190
10_6_2016,10,6,2016,59.4,73.8,48,0,1,12,2.3,181
10_7_2016,10,7,2016,63.2,75.1,51,0,0,9,5.6,187
10_8_2016,10,8,2016,58.7,67,52.1,0.55,10,14,5.2,75
10_9_2016,10,9,2016,49.5,55.8,44,0.03,8,7,6.8,95
10_10_2016,10,10,2016,45.3,54.7,37,0,0,5,5,181
10_11_2016,10,11,2016,49.5,63.4,33.9,0,0,9,3.8,176
10_12_2016,10,12,2016,58,70.9,45.9,0,0,0,6.4,174
10_13_2016,10,13,2016,52.2,58,41.9,0.04,8,6,6.8,84
10_14_2016,10,14,2016,44.6,55.5,35.9,0,0,13,2.6,179
10_15_2016,10,15,2016,52.3,68.7,38,0,0,7,6.4,171
10_16_2016,10,16,2016,63.5,76,54.7,0.11,2,6,5.7,113
10_17_2016,10,17,2016,64.7,72.2,59.9,0.01,8,19,2.1,63
10_18_2016,10,18,2016,69.7,81.5,60.9,0.23,6,12,6.3,137
10_19_2016,10,19,2016,59.2,67.1,49.9,0.01,5,15,3.7,167
10_20_2016,10,20,2016,52.8,54.9,50,2.28,19,24,3.3,30
10_21_2016,10,21,2016,49.1,53,43,1.69,24,24,8.4,19
10_22_2016,10,22,2016,41.8,44,39.2,0.18,13,13,11.7,29
10_23_2016,10,23,2016,46.9,52.9,40.9,0,0,3,7,75
10_24_2016,10,24,2016,45.2,48,41.1,0.01,8,7,7.4,83
10_25_2016,10,25,2016,40.5,45.4,37.9,0.03,9,4,8.7,119
10_26_2016,10,26,2016,36.9,40.6,33.9,0,0,0,3.7,61
10_27_2016,10,27,2016,37.2,45,30.9,0.5,8,22,9.1,12
10_28_2016,10,28,2016,37.2,45.8,31.6,0,0,13,6.3,85
10_29_2016,10,29,2016,53.3,65.8,36,0,0,3,6.4,25
10_30_2016,10,30,2016,48.3,53.9,41.3,0.1,13,21,4.7,35
10_31_2016,10,31,2016,38.6,49.3,31,0.03,11,16,3.2,100
11_1_2016,11,1,2016,45.7,58.9,31.9,0,0,8,9.2,117
11_2_2016,11,2,2016,57.4,66.5,50,0.25,6,13,2.9,67
11_3_2016,11,3,2016,51.6,54.3,47.9,0.69,11,22,5,56
11_4_2016,11,4,2016,44.9,49.4,36.6,0.02,2,6,6.3,134
11_5_2016,11,5,2016,50.9,57.9,42.9,0,0,2,7.1,90
11_6_2016,11,6,2016,42.6,50,31.4,0,0,11,5,131
11_7_2016,11,7,2016,42.7,59,29,0,0,8,2.6,136
11_8_2016,11,8,2016,49.3,64.4,35,0.01,1,9,2.7,104
11_9_2016,11,9,2016,44.8,50.9,40,0.11,10,13,5.7,23
11_10_2016,11,10,2016,47.5,59.6,32.9,0,0,7,5.3,121
11_11_2016,11,11,2016,44.2,53.9,36,0,1,0,11.7,69
11_12_2016,11,12,2016,38.5,46.4,28.9,0,0,0,5,131
11_13_2016,11,13,2016,45.6,58.4,35.1,0,0,0,4.7,123
11_14_2016,11,14,2016,42.6,56.9,30.7,0,0,0,2.4,122
11_15_2016,11,15,2016,43.7,53.4,34,0,0,1,1.7,73
11_16_2016,11,16,2016,46.2,53.6,35,0.02,8,10,3.9,75
11_17_2016,11,17,2016,44.6,53.7,37.9,0.01,4,16,3.6,107
11_18_2016,11,18,2016,50,67.2,34.9,0,0,8,3.4,104
11_19_2016,11,19,2016,46.6,65.4,32.9,0.21,9,12,6.7,72
11_20_2016,11,20,2016,29.6,34.7,24.9,0.01,4,16,13.6,36
11_21_2016,11,21,2016,26.7,29.7,24.9,0,0,23,13.7,48
11_22_2016,11,22,2016,29.8,33.5,26.9,0,0,5,10.2,58
11_23_2016,11,23,2016,30.4,39.3,25.9,0,2,2,2.8,103
11_24_2016,11,24,2016,35.5,40,29.9,0.05,6,17,4.2,20
11_25_2016,11,25,2016,40.9,44.9,37.9,0.01,9,14,2.1,46
11_26_2016,11,26,2016,37.7,40,35.9,0.09,21,20,4.6,42
11_27_2016,11,27,2016,37.1,40.9,33.9,0.02,6,15,5,42
11_28_2016,11,28,2016,40.5,49.8,30.9,0,0,9,6.2,106
11_29_2016,11,29,2016,48.4,56.1,43.1,0,0,8,8.8,49
11_30_2016,11,30,2016,50.2,54.9,44.3,0.19,2,20,8.4,11
12_1_2016,12,1,2016,41.8,47.9,38,0.05,8,2,8.2,32
12_2_2016,12,2,2016,38.7,42,33.7,0.02,3,4,9,30
12_3_2016,12,3,2016,35,36.9,31.9,0.01,8,10,7.9,32
12_4_2016,12,4,2016,34.2,38.5,30,0,0,4,3.2,73
12_5_2016,12,5,2016,35.5,41.4,30.8,0.07,2,8,7.3,38
12_6_2016,12,6,2016,32.9,38.4,26,0.03,4,12,5.4,46
12_7_2016,12,7,2016,35.7,39.9,30.1,0.35,9,7,4,57
12_8_2016,12,8,2016,30.9,34,27.3,0,0,0,6.9,34
12_9_2016,12,9,2016,24.8,28,22.9,0,0,10,8.9,94
12_10_2016,12,10,2016,21.8,27.9,17.5,0,0,13,3.1,64
12_11_2016,12,11,2016,23.4,26.6,18.9,0,0,12,8,45
12_12_2016,12,12,2016,31.6,39.9,25,0.04,5,13,8.4,16
12_13_2016,12,13,2016,30.3,34,20.9,0,0,5,4.9,57
12_14_2016,12,14,2016,22.8,31.9,15.9,0,0,2,8.5,116
12_15_2016,12,15,2016,13.5,16.9,8.9,0,0,7,13.7,108
12_16_2016,12,16,2016,16.5,21.8,8.3,0,0,9,4.6,144
12_17_2016,12,17,2016,26,35.6,16.9,0.14,1,14,10.6,53
12_18_2016,12,18,2016,27.9,37.5,16.1,0.31,12,12,10.5,67
12_19_2016,12,19,2016,14.5,22.9,6.9,0,0,14,2.1,178
12_20_2016,12,20,2016,20.3,28.1,8.9,0,0,9,5.6,75
12_21_2016,12,21,2016,31.3,35.1,28.6,0,0,1,4.5,74
12_22_2016,12,22,2016,32.7,35.3,29,0.09,14,13,6.4,20
12_23_2016,12,23,2016,34,41,26.2,0,0,1,3.8,74
12_24_2016,12,24,2016,37.2,42.3,34.9,0.01,4,1,7,12
12_25_2016,12,25,2016,29.6,36,17.9,0,1,9,3.5,42
12_26_2016,12,26,2016,34.8,45.2,18.9,0.01,0,13,13.3,30
12_27_2016,12,27,2016,37.4,48.4,28.9,0.03,6,4,8.1,10
12_28_2016,12,28,2016,27.8,29.9,25,0,20,6,5.9,70
12_29_2016,12,29,2016,31.4,39.2,27,0.07,15,12,8.9,23
12_30_2016,12,30,2016,28.1,31.6,23,0,0,6,9.4,60
12_31_2016,12,31,2016,32.1,39.9,24.9,0.01,0,5,8.8,57
1_1_2017,1,1,2017,32,40,24.9,0.01,2,1,5.5,106
1_2_2017,1,2,2017,32,37.5,25,0.02,4,16,5.7,10
1_3_2017,1,3,2017,37.8,40.3,35.9,0.46,11,24,7.6,10
1_4_2017,1,4,2017,31.1,40,16,0.04,8,8,10.1,71
1_5_2017,1,5,2017,18.1,21,15.9,0,0,9,6.1,37
1_6_2017,1,6,2017,12.2,17.9,5.9,0,0,9,2.9,109
1_7_2017,1,7,2017,12.2,18.5,7,0,0,6,4.1,90
1_8_2017,1,8,2017,11.3,16.5,7.9,0,0,11,8.1,86
1_9_2017,1,9,2017,14.9,22.2,8.9,0,0,4,6.5,62
1_10_2017,1,10,2017,22.5,29.9,14.9,0,0,13,12.8,18
1_11_2017,1,11,2017,43.2,49.2,32.9,0.02,0,0,10.4,88
1_12_2017,1,12,2017,45,52.1,37.1,0.34,11,22,7.5,13
1_13_2017,1,13,2017,28.4,35.9,22,0,0,2,10.3,117
1_14_2017,1,14,2017,23.8,29.2,19.3,0,0,3,3,56
1_15_2017,1,15,2017,26.1,30,19.5,0,0,2,5.1,44
1_16_2017,1,16,2017,29.3,40.1,18.2,0,0,10,2.1,194
1_17_2017,1,17,2017,36.8,40,33.2,0.48,15,15,5.7,18
1_18_2017,1,18,2017,37.8,41,35.4,0.04,21,24,3.2,28
1_19_2017,1,19,2017,36,38.4,33.7,0.02,14,24,2.3,61
1_20_2017,1,20,2017,38.7,41.8,33.4,0,0,20,6.9,101
1_21_2017,1,21,2017,47.6,57.5,40,0,0,17,2.4,160
1_22_2017,1,22,2017,42.8,50.8,37.2,0,4,24,2.4,92
1_23_2017,1,23,2017,38.9,42.8,31.4,0.04,10,12,3.1,68
1_24_2017,1,24,2017,30.6,31.9,28.8,0.11,12,24,4.3,72
1_25_2017,1,25,2017,35.8,41,30.5,0.14,6,21,5.4,116
1_26_2017,1,26,2017,39.1,43.3,34.1,0.05,5,8,9.9,91
1_27_2017,1,27,2017,33.2,36,30.3,0,0,0,12.9,101
1_28_2017,1,28,2017,30.1,31.5,28.6,0,0,0,7,42
1_29_2017,1,29,2017,27.8,30.6,21.5,0,0,0,7.2,107
1_30_2017,1,30,2017,18.5,22.8,11.8,0,0,9,3.5,161
1_31_2017,1,31,2017,23.5,29.6,15.3,0,0,16,4.9,121
2_1_2017,2,1,2017,32.2,35.2,27.1,0,0,1,9.6,212
2_2_2017,2,2,2017,25.1,29.3,19.6,0,0,7,8.2,176
2_3_2017,2,3,2017,18.7,21.8,16.5,0,0,0,8.7,122
2_4_2017,2,4,2017,22.2,28.6,17.8,0,0,0,7.8,178
2_5_2017,2,5,2017,30.9,34.2,26.3,0,0,1,8.6,56
2_6_2017,2,6,2017,27.6,32.2,22.9,0,0,2,2.4,130
2_7_2017,2,7,2017,35,48.2,27.3,0.26,11,13,4.4,31
2_8_2017,2,8,2017,36.7,53.1,24.2,0.02,5,6,8.2,155
2_9_2017,2,9,2017,17.3,23.2,13,0,0,10,8.4,245
2_10_2017,2,10,2017,21.7,25.2,17.7,0,0,4,10.9,185
2_11_2017,2,11,2017,33.5,42,24.8,0,0,6,4.9,129
2_12_2017,2,12,2017,32.9,36.7,30.1,0.47,19,24,5.7,23
2_13_2017,2,13,2017,26.4,29.5,24.3,0,1,15,14.2,143
2_14_2017,2,14,2017,32.9,46.2,19.3,0,0,5,4.4,273
2_15_2017,2,15,2017,32.7,37.3,24.2,0.09,14,17,8,122
2_16_2017,2,16,2017,21.7,23.8,18.9,0,0,7,13.8,188
2_17_2017,2,17,2017,26,33.5,21.4,0,0,0,5,249
2_18_2017,2,18,2017,48,63.8,31.1,0,0,0,5.3,265
2_19_2017,2,19,2017,47.2,57.4,37.9,0,0,2,7.6,296
2_20_2017,2,20,2017,33.5,40.9,23.5,0,0,2,3.7,310
2_21_2017,2,21,2017,40.5,51.4,27.3,0,0,0,9,138
2_22_2017,2,22,2017,51.3,62.1,41.1,0,0,1,2.8,236
2_23_2017,2,23,2017,55.8,69,46.5,0,0,5,6.8,195
2_24_2017,2,24,2017,55,72.3,42.9,0.51,9,10,3.9,149
2_25_2017,2,25,2017,48.7,61.4,30.7,0.41,7,4,10.2,38
2_26_2017,2,26,2017,30.4,34,26.6,0,0,0,9.3,203
2_27_2017,2,27,2017,40,51.6,31.6,0,0,1,5.7,295
2_28_2017,2,28,2017,47.3,57.6,35.1,0,0,4,4.6,157
3_1_2017,3,1,2017,57.8,68.5,44,0.04,2,0,10.4,139
3_2_2017,3,2,2017,28.1,41.7,21.5,0.05,0,6,16.8,316
3_3_2017,3,3,2017,18.9,27.8,10.1,0,0,6,8.9,261
3_4_2017,3,4,2017,12.9,16,5.2,0,0,9,5.9,349
3_5_2017,3,5,2017,14.6,25.7,-0.3,0,0,0,2.4,425
3_6_2017,3,6,2017,39.3,51.8,25.5,0,0,1,9.8,225
3_7_2017,3,7,2017,47.5,53.7,41.1,0.52,9,14,10.3,72
3_8_2017,3,8,2017,45.2,52.2,37.2,0.12,6,7,10.9,311
3_9_2017,3,9,2017,36.4,40.5,32.6,0,0,0,12.7,309
3_10_2017,3,10,2017,23.4,31.4,12.8,0,0,0,10.5,296
3_11_2017,3,11,2017,14.2,18.1,9.1,0,0,4,10.1,259
3_12_2017,3,12,2017,14.7,20.3,10.2,0,0,2,7.6,360
3_13_2017,3,13,2017,16.6,21.9,10.6,0,0,3,2.8,226
3_14_2017,3,14,2017,16.8,20.2,14.8,0,0,23,7.8,104
3_15_2017,3,15,2017,17.5,21.2,14.1,0,0,15,16.1,177
3_16_2017,3,16,2017,23.1,28.7,16.9,0,0,0,14.6,473
3_17_2017,3,17,2017,29.1,41.1,20.3,0,0,0,5.3,489
3_18_2017,3,18,2017,29.4,33.8,20.5,0,0,11,4.3,151
3_19_2017,3,19,2017,34.2,43.2,25.3,0,0,12,2.8,353
3_20_2017,3,20,2017,31.1,41,18.7,0,2,10,1.7,228
3_21_2017,3,21,2017,39.8,47.2,33.7,0,4,1,6.3,383
3_22_2017,3,22,2017,21.8,33.6,17.2,0,0,0,9.8,483
3_23_2017,3,23,2017,27.5,36.8,14.5,0,0,0,2.6,511
3_24_2017,3,24,2017,40.7,50.5,32.6,0.16,9,5,7.2,135
3_25_2017,3,25,2017,35.2,39.8,33.5,0.54,16,24,2.5,78
3_26_2017,3,26,2017,40,46.6,33.9,0.09,14,18,11.2,175
3_27_2017,3,27,2017,49.3,60.4,40.9,0.1,8,18,6.8,146
3_28_2017,3,28,2017,46.8,53.5,39.7,0,11,24,3.1,89
3_29_2017,3,29,2017,39.8,48,30,0,0,8,8.6,236
3_30_2017,3,30,2017,35.7,41.6,28.9,0.24,5,8,3.5,214
3_31_2017,3,31,2017,39.4,41.3,35.6,0.45,24,24,7.8,70
4_1_2017,4,1,2017,36.6,38.6,32.8,0.09,17,24,4.3,105
4_2_2017,4,2,2017,45.3,57,33,0,0,5,5.1,501
4_3_2017,4,3,2017,50.3,63.9,36,0.04,1,9,4,312
4_4_2017,4,4,2017,53.4,66,47.4,0.29,9,12,11.1,184
4_5_2017,4,5,2017,44.4,49.4,41.5,0,0,2,6.7,196
4_6_2017,4,6,2017,45.9,50.7,37.7,1.09,10,14,7.8,75
4_7_2017,4,7,2017,33.9,35.3,32.4,0.03,22,22,13.6,131
4_8_2017,4,8,2017,41.1,49.5,32.7,0,0,0,8.5,574
4_9_2017,4,9,2017,52.4,68.2,33.4,0,0,0,4.6,530
4_10_2017,4,10,2017,66,80.2,53.5,0,0,0,6.2,423
4_11_2017,4,11,2017,60.9,72.1,53.6,0.08,4,3,3.9,187
4_12_2017,4,12,2017,49.3,59.2,43.8,0,0,2,9.4,137
4_13_2017,4,13,2017,44.1,53.8,35.3,0,0,0,4.9,486
4_14_2017,4,14,2017,50.1,71.9,33.4,0.04,1,4,1.7,483
4_15_2017,4,15,2017,55.4,67.7,39.7,0.14,4,3,5.6,283
4_16_2017,4,16,2017,67.2,79.1,58.7,0,0,0,7.8,448
4_17_2017,4,17,2017,53.6,58.8,41.9,0,0,0,7.7,597
4_18_2017,4,18,2017,44.2,57,31.4,0,0,3,2.3,629
4_19_2017,4,19,2017,51.5,55.7,42.7,0.11,5,8,10.6,108
4_20_2017,4,20,2017,49.1,54,43.7,1.33,13,21,4.4,119
4_21_2017,4,21,2017,55.4,61.8,47,0.07,5,9,9.9,435
4_22_2017,4,22,2017,44.2,50.4,40.1,0,0,0,6.4,164
4_23_2017,4,23,2017,51.2,67.9,33.7,0,0,3,3.7,580
4_24_2017,4,24,2017,50.3,59.9,40.3,0,0,1,5.8,566
4_25_2017,4,25,2017,53.1,62,42.9,0.09,10,3,6.7,259
4_26_2017,4,26,2017,61.4,71.9,51.9,0,0,7,4.4,499
4_27_2017,4,27,2017,67.4,77.1,59,0.08,3,4,10.1,496
4_28_2017,4,28,2017,60.7,69.8,52.9,0,2,1,5.9,501
4_29_2017,4,29,2017,56.5,61.9,46,0,4,1,5.4,102
4_30_2017,4,30,2017,51.5,65.7,39.9,0,0,0,7.2,288
5_1_2017,5,1,2017,61.4,69.9,51.6,0.77,12,10,7,87
5_2_2017,5,2,2017,51.9,58.3,46.9,0.05,4,2,7.9,230
5_3_2017,5,3,2017,47.4,56.1,40.8,0.01,3,0,8.1,480
5_4_2017,5,4,2017,44.4,52.4,33.7,0.21,10,6,4.4,224
5_5_2017,5,5,2017,50.3,55.5,44.6,0.88,20,13,7.4,94
5_6_2017,5,6,2017,47.7,55.4,42.7,0.7,24,15,6.2,134
5_7_2017,5,7,2017,40.5,42.3,38.3,0.08,22,5,7.3,224
5_8_2017,5,8,2017,41.5,48.4,35.8,0,7,0,6.1,300
5_9_2017,5,9,2017,42.6,52.9,35.1,0,0,0,4.4,552
5_10_2017,5,10,2017,43.6,52.7,34.9,0,0,0,2.7,573
5_11_2017,5,11,2017,48.3,58.3,37.6,0,0,0,3.6,457
5_12_2017,5,12,2017,54,63.7,42.7,0,3,2,3.2,495
5_13_2017,5,13,2017,51.6,57,46.8,0.01,8,0,2.9,218
5_14_2017,5,14,2017,50.4,60.7,42.4,0.23,21,8,5.6,398
5_15_2017,5,15,2017,54.6,63.1,47.8,0.01,2,0,9.8,528
5_16_2017,5,16,2017,58.1,66.5,47,0,3,0,3.4,369
5_17_2017,5,17,2017,72.8,86.2,54.8,0,0,0,5.4,616
5_18_2017,5,18,2017,73.4,86.4,64.1,0.4,4,0,5.5,452
5_19_2017,5,19,2017,58.3,67.9,49.9,0.11,2,3,5.1,380
5_20_2017,5,20,2017,54.5,64.3,47,0,0,0,4.2,694
5_21_2017,5,21,2017,57,66.7,50.2,0.16,7,0,8.6,347
5_22_2017,5,22,2017,58.1,67.7,50.4,0.24,4,0,6.9,401
5_23_2017,5,23,2017,58.8,71.7,44.9,0,0,0,3.3,569
5_24_2017,5,24,2017,62.6,74,52,0,0,0,4.4,541
5_25_2017,5,25,2017,57.6,62.9,54.6,0.9,15,11,5.3,163
5_26_2017,5,26,2017,57.4,61,55.4,0.01,12,10,5.5,227
5_27_2017,5,27,2017,59.3,64.4,52.8,0,5,8,3.5,266
5_28_2017,5,28,2017,63.3,75,50,0,11,9,5.1,512
5_29_2017,5,29,2017,64.7,76.2,58.3,0.16,8,4,6.5,430
5_30_2017,5,30,2017,61.8,68.7,57.5,0.6,11,4,5.3,293
5_31_2017,5,31,2017,64.7,72.3,57,0.03,2,1,5.1,531
6_1_2017,6,1,2017,58.7,65.4,50.7,0,0,0,5,565
6_2_2017,6,2,2017,55.6,64.4,47,0,0,0,5.8,603
6_3_2017,6,3,2017,57.6,67.5,49,0,0,0,6,705
6_4_2017,6,4,2017,54.1,61.3,46.3,0.28,9,5,4.1,185
6_5_2017,6,5,2017,60.3,71.8,54.2,0,15,12,3.8,363
6_6_2017,6,6,2017,56.7,64.8,51.2,0,11,9,5.7,357
6_7_2017,6,7,2017,57.5,69.6,47,0,0,3,4.2,705
6_8_2017,6,8,2017,62.6,75.6,46.8,0,2,3,2.8,708
6_9_2017,6,9,2017,67.5,76.6,56.1,0,0,0,6.5,710
6_10_2017,6,10,2017,72,82.7,61.3,0,0,0,4.1,633
6_11_2017,6,11,2017,78.1,87.3,67.9,0,0,0,6.3,723
6_12_2017,6,12,2017,79.1,87.9,65.8,0,0,0,5.2,685
6_13_2017,6,13,2017,73.5,81.9,62.5,0.24,8,5,4.3,349
6_14_2017,6,14,2017,65,75.7,54.4,0,6,7,3.8,749
6_15_2017,6,15,2017,64.6,74.9,52.6,1.37,8,8,4.4,367
6_16_2017,6,16,2017,70.9,78.8,63.7,0.81,2,1,6.7,609
6_17_2017,6,17,2017,75.2,84.9,65.1,0,0,7,6.1,705
6_18_2017,6,18,2017,76.6,88,69,0.25,7,5,6,491
6_19_2017,6,19,2017,69.3,73.1,65.6,0.11,16,8,3.6,240
6_20_2017,6,20,2017,67.8,74.5,61.8,0,1,0,6.8,633
6_21_2017,6,21,2017,64.2,72.4,57.2,0.05,7,4,4.7,628
6_22_2017,6,22,2017,69.1,80.3,54,0,2,3,3.4,557
6_23_2017,6,23,2017,75.1,77.6,71,0.02,3,0,6.1,272
6_24_2017,6,24,2017,69.2,75.8,62.6,0.2,6,2,6.2,606
6_25_2017,6,25,2017,63.9,72.6,55.4,0.17,5,0,5.1,541
6_26_2017,6,26,2017,60.9,69.7,53.7,0.16,8,1,5.2,534
6_27_2017,6,27,2017,58.4,64.3,52.3,0.15,8,2,5.4,502
6_28_2017,6,28,2017,64.5,74.4,55,0.06,2,0,4.5,622
6_29_2017,6,29,2017,70.5,78.8,61,0,0,0,4.2,272
6_30_2017,6,30,2017,72.5,79.4,67.2,0.13,8,3,4.3,362